-0.745,0.110,-0.389,0.179,-0.263,-0.308
-0.745,0.110,-0.389,0.179,-0.263,-0.308
-0.745,0.110,-0.389,0.179,-0.263,-0.308
-0.745,0.110,-0.389,0.179,-0.263,-0.308
-0.745,0.110,-0.389,0.179,-0.263,-0.308
-0.745,0.110,-0.389,0.179,-0.263,-0.308
-0.745,0.110,-0.389,0.179,-0.263,-0.308
-0.745,0.110,-0.389,0.179,-0.263,-0.308
-0.745,0.110,-0.389,0.179,-0.263,-0.308
-0.745,0.110,-0.389,0.179,-0.263,-0.308
-0.745,0.110,-0.389,0.179,-0.263,-0.308
-0.745,0.110,-0.389,0.179,-0.263,-0.308
-0.745,0.110,-0.389,0.179,-0.263,-0.308
-0.745,0.110,-0.389,0.179,-0.263,-0.308
-0.745,0.110,-0.389,0.179,-0.263,-0.308
-0.745,0.110,-0.389,0.179,-0.263,-0.308
-0.745,0.110,-0.389,0.179,-0.263,-0.308
-0.745,0.110,-0.389,0.179,-0.263,-0.308
-0.745,0.110,-0.389,0.179,-0.263,-0.308
-0.745,0.110,-0.389,0.179,-0.263,-0.308
-0.745,0.110,-0.389,0.179,-0.263,-0.308
-0.745,0.110,-0.389,0.179,-0.263,-0.308
-0.745,0.110,-0.389,0.179,-0.263,-0.308
-0.745,0.110,-0.389,0.179,-0.263,-0.308
-0.745,0.110,-0.389,0.179,-0.263,-0.308
-0.745,0.110,-0.389,0.179,-0.263,-0.308
-0.745,0.110,-0.389,0.179,-0.263,-0.308
-0.745,0.110,-0.389,0.179,-0.263,-0.308
-0.745,0.110,-0.389,0.179,-0.263,-0.308
-0.745,0.110,-0.389,0.179,-0.263,-0.308
-0.745,0.110,-0.389,0.179,-0.263,-0.308
-0.745,0.110,-0.389,0.179,-0.263,-0.308
-0.745,0.110,-0.389,0.179,-0.263,-0.308
-0.745,0.110,-0.389,0.179,-0.263,-0.308
-0.745,0.110,-0.389,0.179,-0.263,-0.308
-0.745,0.110,-0.389,0.179,-0.263,-0.308
-0.745,0.110,-0.389,0.179,-0.263,-0.308
-0.745,0.110,-0.389,0.179,-0.263,-0.308
-0.745,0.110,-0.389,0.179,-0.263,-0.308
-0.745,0.110,-0.389,0.179,-0.263,-0.308
-0.745,0.110,-0.389,0.179,-0.263,-0.308
-0.745,0.110,-0.389,0.179,-0.263,-0.308
-0.745,0.110,-0.389,0.179,-0.263,-0.308
-0.745,0.110,-0.389,0.179,-0.263,-0.308
-0.745,0.110,-0.389,0.179,-0.263,-0.308
-0.745,0.110,-0.389,0.179,-0.263,-0.308
-0.745,0.110,-0.389,0.179,-0.263,-0.308
-0.745,0.110,-0.389,0.179,-0.263,-0.308
-0.745,0.110,-0.389,0.179,-0.263,-0.308
-0.745,0.110,-0.389,0.179,-0.263,-0.308
-0.745,0.110,-0.389,0.179,-0.263,-0.308
-0.745,0.110,-0.389,0.179,-0.263,-0.308
-0.745,0.110,-0.389,0.179,-0.263,-0.308
-0.745,0.110,-0.389,0.179,-0.263,-0.308
-0.745,0.110,-0.389,0.179,-0.263,-0.308
-0.745,0.110,-0.389,0.179,-0.263,-0.308
-0.745,0.110,-0.389,0.179,-0.263,-0.308
-0.745,0.110,-0.389,0.179,-0.263,-0.308
-0.745,0.110,-0.389,0.179,-0.263,-0.308
-0.745,0.110,-0.389,0.179,-0.263,-0.308
-0.745,0.110,-0.389,0.179,-0.263,-0.308
-0.745,0.110,-0.389,0.179,-0.263,-0.308
-0.745,0.110,-0.389,0.179,-0.263,-0.308
-0.745,0.110,-0.389,0.179,-0.263,-0.308
-0.745,0.110,-0.389,0.179,-0.263,-0.308
-0.745,0.110,-0.389,0.179,-0.263,-0.308
-0.745,0.110,-0.389,0.179,-0.263,-0.308
-0.745,0.110,-0.389,0.179,-0.263,-0.308
-0.745,0.110,-0.389,0.179,-0.263,-0.308
-0.745,0.110,-0.389,0.179,-0.263,-0.308
-0.745,0.110,-0.389,0.179,-0.263,-0.308
-0.745,0.110,-0.389,0.179,-0.263,-0.308
-0.745,0.110,-0.389,0.179,-0.263,-0.308
-0.745,0.110,-0.389,0.179,-0.263,-0.308
-0.745,0.110,-0.389,0.179,-0.263,-0.308
-0.745,0.110,-0.389,0.179,-0.263,-0.308
-0.745,0.110,-0.389,0.179,-0.263,-0.308
-0.745,0.110,-0.389,0.179,-0.263,-0.308
-0.745,0.110,-0.389,0.179,-0.263,-0.308
-0.745,0.110,-0.389,0.179,-0.263,-0.308
-0.745,0.110,-0.389,0.179,-0.263,-0.308
-0.745,0.110,-0.389,0.179,-0.263,-0.308
-0.745,0.110,-0.389,0.179,-0.263,-0.308
-0.745,0.110,-0.389,0.179,-0.263,-0.308
-0.745,0.110,-0.389,0.179,-0.263,-0.308
-0.745,0.110,-0.389,0.179,-0.263,-0.308
-0.745,0.110,-0.389,0.179,-0.263,-0.308
-0.745,0.110,-0.389,0.179,-0.263,-0.308
-0.745,0.110,-0.389,0.179,-0.263,-0.308
-0.745,0.110,-0.389,0.179,-0.263,-0.308
-0.745,0.110,-0.389,0.179,-0.263,-0.308
-0.745,0.110,-0.389,0.179,-0.263,-0.308
-0.745,0.110,-0.389,0.179,-0.263,-0.308
-0.745,0.110,-0.389,0.179,-0.263,-0.308
-0.745,0.110,-0.389,0.179,-0.263,-0.308
-0.745,0.110,-0.389,0.179,-0.263,-0.308
-0.745,0.110,-0.389,0.179,-0.263,-0.308
-0.745,0.110,-0.389,0.179,-0.263,-0.308
-0.745,0.110,-0.389,0.179,-0.263,-0.308
-0.745,0.110,-0.389,0.179,-0.263,-0.308
-0.745,0.110,-0.389,0.179,-0.263,-0.308
-0.745,0.110,-0.389,0.179,-0.263,-0.308
-0.745,0.110,-0.389,0.179,-0.263,-0.308
-0.745,0.110,-0.389,0.179,-0.263,-0.308
-0.745,0.110,-0.389,0.179,-0.263,-0.308
-0.745,0.110,-0.389,0.179,-0.263,-0.308
-0.745,0.110,-0.389,0.179,-0.263,-0.308
-0.745,0.110,-0.389,0.179,-0.263,-0.308
-0.745,0.110,-0.389,0.179,-0.263,-0.308
-0.745,0.110,-0.389,0.179,-0.263,-0.308
-0.745,0.110,-0.389,0.179,-0.263,-0.308
-0.745,0.110,-0.389,0.179,-0.263,-0.308
-0.745,0.110,-0.389,0.179,-0.263,-0.308
-0.745,0.110,-0.389,0.179,-0.263,-0.308
-0.745,0.110,-0.389,0.179,-0.263,-0.308
-0.745,0.110,-0.389,0.179,-0.263,-0.308
-0.745,0.110,-0.389,0.179,-0.263,-0.308
-0.745,0.110,-0.389,0.179,-0.263,-0.308
-0.745,0.110,-0.389,0.179,-0.263,-0.308
-0.745,0.110,-0.389,0.179,-0.263,-0.308
-0.745,0.110,-0.389,0.179,-0.263,-0.308
-0.745,0.110,-0.389,0.179,-0.263,-0.308
-0.745,0.110,-0.389,0.179,-0.263,-0.308
-0.745,0.110,-0.389,0.179,-0.263,-0.308
-0.745,0.110,-0.389,0.179,-0.263,-0.308
-0.745,0.110,-0.389,0.179,-0.263,-0.308
-0.745,0.110,-0.389,0.179,-0.263,-0.308
-0.745,0.110,-0.389,0.179,-0.263,-0.308
-0.745,0.110,-0.389,0.179,-0.263,-0.308
-0.745,0.110,-0.389,0.179,-0.263,-0.308
-0.745,0.110,-0.389,0.179,-0.263,-0.308
-0.745,0.110,-0.389,0.179,-0.263,-0.308
-0.745,0.110,-0.389,0.179,-0.263,-0.308
-0.745,0.110,-0.389,0.179,-0.263,-0.308
-0.745,0.110,-0.389,0.179,-0.263,-0.308
-0.745,0.110,-0.389,0.179,-0.263,-0.308
-0.745,0.110,-0.389,0.179,-0.263,-0.308
-0.745,0.110,-0.389,0.179,-0.263,-0.308
-0.745,0.110,-0.389,0.179,-0.263,-0.308
-0.745,0.110,-0.389,0.179,-0.263,-0.308
-0.745,0.110,-0.389,0.179,-0.263,-0.308
-0.745,0.110,-0.389,0.179,-0.263,-0.308
-0.745,0.110,-0.389,0.179,-0.263,-0.308
-0.745,0.110,-0.389,0.179,-0.263,-0.308
-0.745,0.110,-0.389,0.179,-0.263,-0.308
-0.745,0.110,-0.389,0.179,-0.263,-0.308
-0.745,0.110,-0.389,0.179,-0.263,-0.308
-0.745,0.110,-0.389,0.179,-0.263,-0.308
-0.745,0.110,-0.389,0.179,-0.263,-0.308
-0.745,0.110,-0.389,0.179,-0.263,-0.308
-0.745,0.110,-0.389,0.179,-0.263,-0.308
-0.745,0.110,-0.389,0.179,-0.263,-0.308
-0.745,0.110,-0.389,0.179,-0.263,-0.308
-0.745,0.110,-0.389,0.179,-0.263,-0.308
-0.745,0.110,-0.389,0.179,-0.263,-0.308
-0.745,0.110,-0.389,0.179,-0.263,-0.308
-0.745,0.110,-0.389,0.179,-0.263,-0.308
-0.745,0.110,-0.389,0.179,-0.263,-0.308
-0.745,0.110,-0.389,0.179,-0.263,-0.308
-0.745,0.110,-0.389,0.179,-0.263,-0.308
-0.745,0.110,-0.389,0.179,-0.263,-0.308
-0.745,0.110,-0.389,0.179,-0.263,-0.308
-0.745,0.110,-0.389,0.179,-0.263,-0.308
-0.745,0.110,-0.389,0.179,-0.263,-0.308
-0.745,0.110,-0.389,0.179,-0.263,-0.308
-0.745,0.110,-0.389,0.179,-0.263,-0.308
-0.745,0.110,-0.389,0.179,-0.263,-0.308
-0.745,0.110,-0.389,0.179,-0.263,-0.308
-0.745,0.110,-0.389,0.179,-0.263,-0.308
-0.745,0.110,-0.389,0.179,-0.263,-0.308
-0.745,0.110,-0.389,0.179,-0.263,-0.308
-0.745,0.110,-0.389,0.179,-0.263,-0.308
-0.745,0.110,-0.389,0.179,-0.263,-0.308
-0.745,0.110,-0.389,0.179,-0.263,-0.308
-0.745,0.110,-0.389,0.179,-0.263,-0.308
-0.745,0.110,-0.389,0.179,-0.263,-0.308
-0.745,0.110,-0.389,0.179,-0.263,-0.308
-0.745,0.110,-0.389,0.179,-0.263,-0.308
-0.745,0.110,-0.389,0.179,-0.263,-0.308
-0.745,0.110,-0.389,0.179,-0.263,-0.308
-0.745,0.110,-0.389,0.179,-0.263,-0.308
-0.745,0.110,-0.389,0.179,-0.263,-0.308
-0.745,0.110,-0.389,0.179,-0.263,-0.308
-0.745,0.110,-0.389,0.179,-0.263,-0.308
-0.745,0.110,-0.389,0.179,-0.263,-0.308
-0.745,0.110,-0.389,0.179,-0.263,-0.308
-0.745,0.110,-0.389,0.179,-0.263,-0.308
-0.745,0.110,-0.389,0.179,-0.263,-0.308
-0.745,0.110,-0.389,0.179,-0.263,-0.308
-0.745,0.110,-0.389,0.179,-0.263,-0.308
-0.745,0.110,-0.389,0.179,-0.263,-0.308
-0.745,0.110,-0.389,0.179,-0.263,-0.308
-0.745,0.110,-0.389,0.179,-0.263,-0.308
-0.745,0.110,-0.389,0.179,-0.263,-0.308
-0.745,0.110,-0.389,0.179,-0.263,-0.308
-0.745,0.110,-0.389,0.179,-0.263,-0.308
-0.745,0.110,-0.389,0.179,-0.263,-0.308
-0.745,0.110,-0.389,0.179,-0.263,-0.308
-0.745,0.110,-0.389,0.179,-0.263,-0.308
-0.745,0.110,-0.389,0.179,-0.263,-0.308
-0.745,0.110,-0.389,0.179,-0.263,-0.308
-0.745,0.110,-0.389,0.179,-0.263,-0.308
-0.745,0.110,-0.389,0.179,-0.263,-0.308
-0.745,0.110,-0.389,0.179,-0.263,-0.308
-0.745,0.110,-0.389,0.179,-0.263,-0.308
-0.745,0.110,-0.389,0.179,-0.263,-0.308
-0.745,0.110,-0.389,0.179,-0.263,-0.308
-0.745,0.110,-0.389,0.179,-0.263,-0.308
-0.745,0.110,-0.389,0.179,-0.263,-0.308
-0.745,0.110,-0.389,0.179,-0.263,-0.308
-0.745,0.110,-0.389,0.179,-0.263,-0.308
-0.745,0.110,-0.389,0.179,-0.263,-0.308
-0.745,0.110,-0.389,0.179,-0.263,-0.308
-0.745,0.110,-0.389,0.179,-0.263,-0.308
-0.745,0.110,-0.389,0.179,-0.263,-0.308
-0.745,0.110,-0.389,0.179,-0.263,-0.308
-0.745,0.110,-0.389,0.179,-0.263,-0.308
-0.745,0.110,-0.389,0.179,-0.263,-0.308
-0.745,0.110,-0.389,0.179,-0.263,-0.308
-0.745,0.110,-0.389,0.179,-0.263,-0.308
-0.745,0.110,-0.389,0.179,-0.263,-0.308
-0.745,0.110,-0.389,0.179,-0.263,-0.308
-0.745,0.110,-0.389,0.179,-0.263,-0.308
-0.745,0.110,-0.389,0.179,-0.263,-0.308
-0.745,0.110,-0.389,0.179,-0.263,-0.308
-0.745,0.110,-0.389,0.179,-0.263,-0.308
-0.745,0.110,-0.389,0.179,-0.263,-0.308
-0.745,0.110,-0.389,0.179,-0.263,-0.308
-0.745,0.110,-0.389,0.179,-0.263,-0.308
-0.745,0.110,-0.389,0.179,-0.263,-0.308
-0.745,0.110,-0.389,0.179,-0.263,-0.308
-0.745,0.110,-0.389,0.179,-0.263,-0.308
-0.745,0.110,-0.389,0.179,-0.263,-0.308
-0.745,0.110,-0.389,0.179,-0.263,-0.308
-0.745,0.110,-0.389,0.179,-0.263,-0.308
-0.745,0.110,-0.389,0.179,-0.263,-0.308
-0.745,0.110,-0.389,0.179,-0.263,-0.308
-0.745,0.110,-0.389,0.179,-0.263,-0.308
-0.745,0.110,-0.389,0.179,-0.263,-0.308
-0.745,0.110,-0.389,0.179,-0.263,-0.308
-0.745,0.110,-0.389,0.179,-0.263,-0.308
-0.745,0.110,-0.389,0.179,-0.263,-0.308
-0.745,0.110,-0.389,0.179,-0.263,-0.308
-0.745,0.110,-0.389,0.179,-0.263,-0.308
-0.745,0.110,-0.389,0.179,-0.263,-0.308
-0.745,0.110,-0.389,0.179,-0.263,-0.308
-0.745,0.110,-0.389,0.179,-0.263,-0.308
-0.745,0.110,-0.389,0.179,-0.263,-0.308
-0.745,0.110,-0.389,0.179,-0.263,-0.308
-0.745,0.110,-0.389,0.179,-0.263,-0.308
-0.745,0.110,-0.389,0.179,-0.263,-0.308
-0.745,0.110,-0.389,0.179,-0.263,-0.308
-0.745,0.110,-0.389,0.179,-0.263,-0.308
-0.745,0.110,-0.389,0.179,-0.263,-0.308
-0.745,0.110,-0.389,0.179,-0.263,-0.308
-0.745,0.110,-0.389,0.179,-0.263,-0.308
-0.745,0.110,-0.389,0.179,-0.263,-0.308
-0.745,0.110,-0.389,0.179,-0.263,-0.308
-0.745,0.110,-0.389,0.179,-0.263,-0.308
-0.745,0.110,-0.389,0.179,-0.263,-0.308
-0.745,0.110,-0.389,0.179,-0.263,-0.308
-0.745,0.110,-0.389,0.179,-0.263,-0.308
-0.745,0.110,-0.389,0.179,-0.263,-0.308
-0.745,0.110,-0.389,0.179,-0.263,-0.308
-0.745,0.110,-0.389,0.179,-0.263,-0.308
-0.745,0.110,-0.389,0.179,-0.263,-0.308
-0.745,0.110,-0.389,0.179,-0.263,-0.308
-0.745,0.110,-0.389,0.179,-0.263,-0.308
-0.745,0.110,-0.389,0.179,-0.263,-0.308
-0.745,0.110,-0.389,0.179,-0.263,-0.308
-0.745,0.110,-0.389,0.179,-0.263,-0.308
-0.745,0.110,-0.389,0.179,-0.263,-0.308
-0.745,0.110,-0.389,0.179,-0.263,-0.308
-0.745,0.110,-0.389,0.179,-0.263,-0.308
-0.745,0.110,-0.389,0.179,-0.263,-0.308
-0.745,0.110,-0.389,0.179,-0.263,-0.308
-0.745,0.110,-0.389,0.179,-0.263,-0.308
-0.745,0.110,-0.389,0.179,-0.263,-0.308
-0.745,0.110,-0.389,0.179,-0.263,-0.308
-0.745,0.110,-0.389,0.179,-0.263,-0.308
-0.745,0.110,-0.389,0.179,-0.263,-0.308
-0.745,0.110,-0.389,0.179,-0.263,-0.308
-0.745,0.110,-0.389,0.179,-0.263,-0.308
-0.745,0.110,-0.389,0.179,-0.263,-0.308
-0.745,0.110,-0.389,0.179,-0.263,-0.308
-0.745,0.110,-0.389,0.179,-0.263,-0.308
-0.745,0.110,-0.389,0.179,-0.263,-0.308
-0.745,0.110,-0.389,0.179,-0.263,-0.308
-0.745,0.110,-0.389,0.179,-0.263,-0.308
-0.745,0.110,-0.389,0.179,-0.263,-0.308
-0.745,0.110,-0.389,0.179,-0.263,-0.308
-0.745,0.110,-0.389,0.179,-0.263,-0.308
-0.745,0.110,-0.389,0.179,-0.263,-0.308
-0.745,0.110,-0.389,0.179,-0.263,-0.308
-0.745,0.110,-0.389,0.179,-0.263,-0.308
-0.745,0.110,-0.389,0.179,-0.263,-0.308
-0.745,0.110,-0.389,0.179,-0.263,-0.308
-0.745,0.110,-0.389,0.179,-0.263,-0.308
-0.745,0.110,-0.389,0.179,-0.263,-0.308
-0.745,0.110,-0.389,0.179,-0.263,-0.308
-0.745,0.110,-0.389,0.179,-0.263,-0.308
-0.745,0.110,-0.389,0.179,-0.263,-0.308
-0.745,0.110,-0.389,0.179,-0.263,-0.308
-0.745,0.110,-0.389,0.179,-0.263,-0.308
-0.745,0.110,-0.389,0.179,-0.263,-0.308
-0.745,0.110,-0.389,0.179,-0.263,-0.308
-0.745,0.110,-0.389,0.179,-0.263,-0.308
-0.745,0.110,-0.389,0.179,-0.263,-0.308
-0.745,0.110,-0.389,0.179,-0.263,-0.308
-0.745,0.110,-0.389,0.179,-0.263,-0.308
-0.745,0.110,-0.389,0.179,-0.263,-0.308
-0.745,0.110,-0.389,0.179,-0.263,-0.308
-0.745,0.110,-0.389,0.179,-0.263,-0.308
-0.745,0.110,-0.389,0.179,-0.263,-0.308
-0.745,0.110,-0.389,0.179,-0.263,-0.308
-0.745,0.110,-0.389,0.179,-0.263,-0.308
-0.745,0.110,-0.389,0.179,-0.263,-0.308
-0.745,0.110,-0.389,0.179,-0.263,-0.308
-0.745,0.110,-0.389,0.179,-0.263,-0.308
-0.745,0.110,-0.389,0.179,-0.263,-0.308
-0.745,0.110,-0.389,0.179,-0.263,-0.308
-0.745,0.110,-0.389,0.179,-0.263,-0.308
-0.745,0.110,-0.389,0.179,-0.263,-0.308
-0.745,0.110,-0.389,0.179,-0.263,-0.308
-0.745,0.110,-0.389,0.179,-0.263,-0.308
-0.745,0.110,-0.389,0.179,-0.263,-0.308
-0.745,0.110,-0.389,0.179,-0.263,-0.308
-0.745,0.110,-0.389,0.179,-0.263,-0.308
-0.745,0.110,-0.389,0.179,-0.263,-0.308
-0.745,0.110,-0.389,0.179,-0.263,-0.308
-0.745,0.110,-0.389,0.179,-0.263,-0.308
-0.745,0.110,-0.389,0.179,-0.263,-0.308
-0.745,0.110,-0.389,0.179,-0.263,-0.308
-0.745,0.110,-0.389,0.179,-0.263,-0.308
-0.745,0.110,-0.389,0.179,-0.263,-0.308
-0.745,0.110,-0.389,0.179,-0.263,-0.308
-0.745,0.110,-0.389,0.179,-0.263,-0.308
-0.745,0.110,-0.389,0.179,-0.263,-0.308
-0.745,0.110,-0.389,0.179,-0.263,-0.308
-0.745,0.110,-0.389,0.179,-0.263,-0.308
-0.745,0.110,-0.389,0.179,-0.263,-0.308
-0.745,0.110,-0.389,0.179,-0.263,-0.308
-0.745,0.110,-0.389,0.179,-0.263,-0.308
-0.745,0.110,-0.389,0.179,-0.263,-0.308
-0.745,0.110,-0.389,0.179,-0.263,-0.308
-0.745,0.110,-0.389,0.179,-0.263,-0.308
-0.745,0.110,-0.389,0.179,-0.263,-0.308
-0.745,0.110,-0.389,0.179,-0.263,-0.308
-0.745,0.110,-0.389,0.179,-0.263,-0.308
-0.745,0.110,-0.389,0.179,-0.263,-0.308
-0.745,0.110,-0.389,0.179,-0.263,-0.308
-0.745,0.110,-0.389,0.179,-0.263,-0.308
-0.745,0.110,-0.389,0.179,-0.263,-0.308
-0.745,0.110,-0.389,0.179,-0.263,-0.308
-0.745,0.110,-0.389,0.179,-0.263,-0.308
-0.745,0.110,-0.389,0.179,-0.263,-0.308
-0.745,0.110,-0.389,0.179,-0.263,-0.308
-0.745,0.110,-0.389,0.179,-0.263,-0.308
-0.745,0.110,-0.389,0.179,-0.263,-0.308
-0.745,0.110,-0.389,0.179,-0.263,-0.308
-0.745,0.110,-0.389,0.179,-0.263,-0.308
-0.745,0.110,-0.389,0.179,-0.263,-0.308
-0.745,0.110,-0.389,0.179,-0.263,-0.308
-0.745,0.110,-0.389,0.179,-0.263,-0.308
-0.745,0.110,-0.389,0.179,-0.263,-0.308
-0.745,0.110,-0.389,0.179,-0.263,-0.308
-0.745,0.110,-0.389,0.179,-0.263,-0.308
-0.745,0.110,-0.389,0.179,-0.263,-0.308
-0.745,0.110,-0.389,0.179,-0.263,-0.308
-0.745,0.110,-0.389,0.179,-0.263,-0.308
-0.745,0.110,-0.389,0.179,-0.263,-0.308
-0.745,0.110,-0.389,0.179,-0.263,-0.308
-0.745,0.110,-0.389,0.179,-0.263,-0.308
-0.745,0.110,-0.389,0.179,-0.263,-0.308
-0.745,0.110,-0.389,0.179,-0.263,-0.308
-0.745,0.110,-0.389,0.179,-0.263,-0.308
-0.745,0.110,-0.389,0.179,-0.263,-0.308
-0.745,0.110,-0.389,0.179,-0.263,-0.308
-0.745,0.110,-0.389,0.179,-0.263,-0.308
-0.745,0.110,-0.389,0.179,-0.263,-0.308
-0.745,0.110,-0.389,0.179,-0.263,-0.308
-0.745,0.110,-0.389,0.179,-0.263,-0.308
-0.745,0.110,-0.389,0.179,-0.263,-0.308
-0.745,0.110,-0.389,0.179,-0.263,-0.308
-0.745,0.110,-0.389,0.179,-0.263,-0.308
-0.745,0.110,-0.389,0.179,-0.263,-0.308
-0.745,0.110,-0.389,0.179,-0.263,-0.308
-0.745,0.110,-0.389,0.179,-0.263,-0.308
-0.745,0.110,-0.389,0.179,-0.263,-0.308
-0.745,0.110,-0.389,0.179,-0.263,-0.308
-0.745,0.110,-0.389,0.179,-0.263,-0.308
-0.745,0.110,-0.389,0.179,-0.263,-0.308
-0.745,0.110,-0.389,0.179,-0.263,-0.308
-0.745,0.110,-0.389,0.179,-0.263,-0.308
-0.745,0.110,-0.389,0.179,-0.263,-0.308
-0.745,0.110,-0.389,0.179,-0.263,-0.308
-0.745,0.110,-0.389,0.179,-0.263,-0.308
-0.745,0.110,-0.389,0.179,-0.263,-0.308
-0.745,0.110,-0.389,0.179,-0.263,-0.308
-0.745,0.110,-0.389,0.179,-0.263,-0.308
-0.745,0.110,-0.389,0.179,-0.263,-0.308
-0.745,0.110,-0.389,0.179,-0.263,-0.308
-0.745,0.110,-0.389,0.179,-0.263,-0.308
-0.745,0.110,-0.389,0.179,-0.263,-0.308
-0.745,0.110,-0.389,0.179,-0.263,-0.308
-0.745,0.110,-0.389,0.179,-0.263,-0.308
-0.745,0.110,-0.389,0.179,-0.263,-0.308
-0.745,0.110,-0.389,0.179,-0.263,-0.308
-0.745,0.110,-0.389,0.179,-0.263,-0.308
-0.745,0.110,-0.389,0.179,-0.263,-0.308
-0.745,0.110,-0.389,0.179,-0.263,-0.308
-0.745,0.110,-0.389,0.179,-0.263,-0.308
-0.745,0.110,-0.389,0.179,-0.263,-0.308
-0.745,0.110,-0.389,0.179,-0.263,-0.308
-0.745,0.110,-0.389,0.179,-0.263,-0.308
-0.745,0.110,-0.389,0.179,-0.263,-0.308
-0.745,0.110,-0.389,0.179,-0.263,-0.308
-0.745,0.110,-0.389,0.179,-0.263,-0.308
-0.745,0.110,-0.389,0.179,-0.263,-0.308
-0.745,0.110,-0.389,0.179,-0.263,-0.308
-0.745,0.110,-0.389,0.179,-0.263,-0.308
-0.745,0.110,-0.389,0.179,-0.263,-0.308
-0.745,0.110,-0.389,0.179,-0.263,-0.308
-0.745,0.110,-0.389,0.179,-0.263,-0.308
-0.745,0.110,-0.389,0.179,-0.263,-0.308
-0.745,0.110,-0.389,0.179,-0.263,-0.308
-0.745,0.110,-0.389,0.179,-0.263,-0.308
-0.745,0.110,-0.389,0.179,-0.263,-0.308
-0.745,0.110,-0.389,0.179,-0.263,-0.308
-0.745,0.110,-0.389,0.179,-0.263,-0.308
-0.745,0.110,-0.389,0.179,-0.263,-0.308
-0.745,0.110,-0.389,0.179,-0.263,-0.308
-0.745,0.110,-0.389,0.179,-0.263,-0.308
-0.745,0.110,-0.389,0.179,-0.263,-0.308
-0.745,0.110,-0.389,0.179,-0.263,-0.308
-0.745,0.110,-0.389,0.179,-0.263,-0.308
-0.745,0.110,-0.389,0.179,-0.263,-0.308
-0.745,0.110,-0.389,0.179,-0.263,-0.308
-0.745,0.110,-0.389,0.179,-0.263,-0.308
-0.745,0.110,-0.389,0.179,-0.263,-0.308
-0.745,0.110,-0.389,0.179,-0.263,-0.308
-0.745,0.110,-0.389,0.179,-0.263,-0.308
-0.745,0.110,-0.389,0.179,-0.263,-0.308
-0.745,0.110,-0.389,0.179,-0.263,-0.308
-0.745,0.110,-0.389,0.179,-0.263,-0.308
-0.745,0.110,-0.389,0.179,-0.263,-0.308
-0.745,0.110,-0.389,0.179,-0.263,-0.308
-0.745,0.110,-0.389,0.179,-0.263,-0.308
-0.745,0.110,-0.389,0.179,-0.263,-0.308
-0.745,0.110,-0.389,0.179,-0.263,-0.308
-0.745,0.110,-0.389,0.179,-0.263,-0.308
-0.745,0.110,-0.389,0.179,-0.263,-0.308
-0.745,0.110,-0.389,0.179,-0.263,-0.308
-0.745,0.110,-0.389,0.179,-0.263,-0.308
-0.745,0.110,-0.389,0.179,-0.263,-0.308
-0.745,0.110,-0.389,0.179,-0.263,-0.308
-0.745,0.110,-0.389,0.179,-0.263,-0.308
-0.745,0.110,-0.389,0.179,-0.263,-0.308
-0.745,0.110,-0.389,0.179,-0.263,-0.308
-0.745,0.110,-0.389,0.179,-0.263,-0.308
-0.745,0.110,-0.389,0.179,-0.263,-0.308
-0.745,0.110,-0.389,0.179,-0.263,-0.308
-0.745,0.110,-0.389,0.179,-0.263,-0.308
-0.745,0.110,-0.389,0.179,-0.263,-0.308
-0.745,0.110,-0.389,0.179,-0.263,-0.308
-0.745,0.110,-0.389,0.179,-0.263,-0.308
-0.745,0.110,-0.389,0.179,-0.263,-0.308
-0.745,0.110,-0.389,0.179,-0.263,-0.308
-0.745,0.110,-0.389,0.179,-0.263,-0.308
-0.745,0.110,-0.389,0.179,-0.263,-0.308
-0.745,0.110,-0.389,0.179,-0.263,-0.308
-0.745,0.110,-0.389,0.179,-0.263,-0.308
-0.745,0.110,-0.389,0.179,-0.263,-0.308
-0.745,0.110,-0.389,0.179,-0.263,-0.308
-0.745,0.110,-0.389,0.179,-0.263,-0.308
-0.745,0.110,-0.389,0.179,-0.263,-0.308
-0.745,0.110,-0.389,0.179,-0.263,-0.308
-0.745,0.110,-0.389,0.179,-0.263,-0.308
-0.745,0.110,-0.389,0.179,-0.263,-0.308
-0.745,0.110,-0.389,0.179,-0.263,-0.308
-0.745,0.110,-0.389,0.179,-0.263,-0.308
-0.745,0.110,-0.389,0.179,-0.263,-0.308
-0.745,0.110,-0.389,0.179,-0.263,-0.308
-0.745,0.110,-0.389,0.179,-0.263,-0.308
-0.745,0.110,-0.389,0.179,-0.263,-0.308
-0.745,0.110,-0.389,0.179,-0.263,-0.308
-0.745,0.110,-0.389,0.179,-0.263,-0.308
-0.745,0.110,-0.389,0.179,-0.263,-0.308
-0.745,0.110,-0.389,0.179,-0.263,-0.308
-0.745,0.110,-0.389,0.179,-0.263,-0.308
-0.745,0.110,-0.389,0.179,-0.263,-0.308
-0.745,0.110,-0.389,0.179,-0.263,-0.308
-0.745,0.110,-0.389,0.179,-0.263,-0.308
-0.745,0.110,-0.389,0.179,-0.263,-0.308
-0.745,0.110,-0.389,0.179,-0.263,-0.308
-0.745,0.110,-0.389,0.179,-0.263,-0.308
-0.745,0.110,-0.389,0.179,-0.263,-0.308
-0.745,0.110,-0.389,0.179,-0.263,-0.308
-0.745,0.110,-0.389,0.179,-0.263,-0.308
-0.745,0.110,-0.389,0.179,-0.263,-0.308
-0.745,0.110,-0.389,0.179,-0.263,-0.308
-0.745,0.110,-0.389,0.179,-0.263,-0.308
-0.745,0.110,-0.389,0.179,-0.263,-0.308
-0.745,0.110,-0.389,0.179,-0.263,-0.308
-0.745,0.110,-0.389,0.179,-0.263,-0.308
-0.745,0.110,-0.389,0.179,-0.263,-0.308
-0.745,0.110,-0.389,0.179,-0.263,-0.308
-0.745,0.110,-0.389,0.179,-0.263,-0.308
-0.745,0.110,-0.389,0.179,-0.263,-0.308
-0.745,0.110,-0.389,0.179,-0.263,-0.308
-0.745,0.110,-0.389,0.179,-0.263,-0.308
-0.745,0.110,-0.389,0.179,-0.263,-0.308
-0.745,0.110,-0.389,0.179,-0.263,-0.308
-0.745,0.110,-0.389,0.179,-0.263,-0.308
-0.745,0.110,-0.389,0.179,-0.263,-0.308
-0.745,0.110,-0.389,0.179,-0.263,-0.308
-0.745,0.110,-0.389,0.179,-0.263,-0.308
-0.745,0.110,-0.389,0.179,-0.263,-0.308
-0.745,0.110,-0.389,0.179,-0.263,-0.308
-0.745,0.110,-0.389,0.179,-0.263,-0.308
-0.745,0.110,-0.389,0.179,-0.263,-0.308
-0.745,0.110,-0.389,0.179,-0.263,-0.308
-0.745,0.110,-0.389,0.179,-0.263,-0.308
-0.745,0.110,-0.389,0.179,-0.263,-0.308
-0.745,0.110,-0.389,0.179,-0.263,-0.308
-0.745,0.110,-0.389,0.179,-0.263,-0.308
-0.745,0.110,-0.389,0.179,-0.263,-0.308
-0.745,0.110,-0.389,0.179,-0.263,-0.308
-0.745,0.110,-0.389,0.179,-0.263,-0.308
-0.745,0.110,-0.389,0.179,-0.263,-0.308
-0.745,0.110,-0.389,0.179,-0.263,-0.308
-0.745,0.110,-0.389,0.179,-0.263,-0.308
-0.745,0.110,-0.389,0.179,-0.263,-0.308
-0.745,0.110,-0.389,0.179,-0.263,-0.308
-0.745,0.110,-0.389,0.179,-0.263,-0.308
-0.745,0.110,-0.389,0.179,-0.263,-0.308
-0.745,0.110,-0.389,0.179,-0.263,-0.308
-0.745,0.110,-0.389,0.179,-0.263,-0.308
-0.745,0.110,-0.389,0.179,-0.263,-0.308
-0.745,0.110,-0.389,0.179,-0.263,-0.308
-0.745,0.110,-0.389,0.179,-0.263,-0.308
-0.745,0.110,-0.389,0.179,-0.263,-0.308
-0.745,0.110,-0.389,0.179,-0.263,-0.308
-0.745,0.110,-0.389,0.179,-0.263,-0.308
-0.745,0.110,-0.389,0.179,-0.263,-0.308
-0.745,0.110,-0.389,0.179,-0.263,-0.308
-0.745,0.110,-0.389,0.179,-0.263,-0.308
-0.745,0.110,-0.389,0.179,-0.263,-0.308
-0.745,0.110,-0.389,0.179,-0.263,-0.308
-0.745,0.110,-0.389,0.179,-0.263,-0.308
-0.745,0.110,-0.389,0.179,-0.263,-0.308
-0.745,0.110,-0.389,0.179,-0.263,-0.308
-0.745,0.110,-0.389,0.179,-0.263,-0.308
-0.745,0.110,-0.389,0.179,-0.263,-0.308
-0.745,0.110,-0.389,0.179,-0.263,-0.308
-0.745,0.110,-0.389,0.179,-0.263,-0.308
-0.745,0.110,-0.389,0.179,-0.263,-0.308
-0.745,0.110,-0.389,0.179,-0.263,-0.308
-0.745,0.110,-0.389,0.179,-0.263,-0.308
-0.745,0.110,-0.389,0.179,-0.263,-0.308
-0.745,0.110,-0.389,0.179,-0.263,-0.308
-0.745,0.110,-0.389,0.179,-0.263,-0.308
-0.745,0.110,-0.389,0.179,-0.263,-0.308
-0.745,0.110,-0.389,0.179,-0.263,-0.308
-0.745,0.110,-0.389,0.179,-0.263,-0.308
-0.745,0.110,-0.389,0.179,-0.263,-0.308
-0.745,0.110,-0.389,0.179,-0.263,-0.308
-0.745,0.110,-0.389,0.179,-0.263,-0.308
-0.745,0.110,-0.389,0.179,-0.263,-0.308
-0.745,0.110,-0.389,0.179,-0.263,-0.308
-0.745,0.110,-0.389,0.179,-0.263,-0.308
-0.745,0.110,-0.389,0.179,-0.263,-0.308
-0.745,0.110,-0.389,0.179,-0.263,-0.308
-0.745,0.110,-0.389,0.179,-0.263,-0.308
-0.745,0.110,-0.389,0.179,-0.263,-0.308
-0.745,0.110,-0.389,0.179,-0.263,-0.308
-0.745,0.110,-0.389,0.179,-0.263,-0.308
-0.745,0.110,-0.389,0.179,-0.263,-0.308
-0.745,0.110,-0.389,0.179,-0.263,-0.308
-0.745,0.110,-0.389,0.179,-0.263,-0.308
-0.745,0.110,-0.389,0.179,-0.263,-0.308
-0.745,0.110,-0.389,0.179,-0.263,-0.308
-0.745,0.110,-0.389,0.179,-0.263,-0.308
-0.745,0.110,-0.389,0.179,-0.263,-0.308
-0.745,0.110,-0.389,0.179,-0.263,-0.308
-0.745,0.110,-0.389,0.179,-0.263,-0.308
-0.745,0.110,-0.389,0.179,-0.263,-0.308
-0.745,0.110,-0.389,0.179,-0.263,-0.308
-0.745,0.110,-0.389,0.179,-0.263,-0.308
-0.745,0.110,-0.389,0.179,-0.263,-0.308
-0.745,0.110,-0.389,0.179,-0.263,-0.308
-0.745,0.110,-0.389,0.179,-0.263,-0.308
-0.745,0.110,-0.389,0.179,-0.263,-0.308
-0.745,0.110,-0.389,0.179,-0.263,-0.308
-0.745,0.110,-0.389,0.179,-0.263,-0.308
-0.745,0.110,-0.389,0.179,-0.263,-0.308
-0.745,0.110,-0.389,0.179,-0.263,-0.308
-0.745,0.110,-0.389,0.179,-0.263,-0.308
-0.745,0.110,-0.389,0.179,-0.263,-0.308
-0.745,0.110,-0.389,0.179,-0.263,-0.308
-0.745,0.110,-0.389,0.179,-0.263,-0.308
-0.745,0.110,-0.389,0.179,-0.263,-0.308
-0.745,0.110,-0.389,0.179,-0.263,-0.308
-0.745,0.110,-0.389,0.179,-0.263,-0.308
-0.745,0.110,-0.389,0.179,-0.263,-0.308
-0.745,0.110,-0.389,0.179,-0.263,-0.308
-0.745,0.110,-0.389,0.179,-0.263,-0.308
-0.745,0.110,-0.389,0.179,-0.263,-0.308
-0.745,0.110,-0.389,0.179,-0.263,-0.308
-0.745,0.110,-0.389,0.179,-0.263,-0.308
-0.745,0.110,-0.389,0.179,-0.263,-0.308
-0.745,0.110,-0.389,0.179,-0.263,-0.308
-0.745,0.110,-0.389,0.179,-0.263,-0.308
-0.745,0.110,-0.389,0.179,-0.263,-0.308
-0.745,0.110,-0.389,0.179,-0.263,-0.308
-0.745,0.110,-0.389,0.179,-0.263,-0.308
-0.745,0.110,-0.389,0.179,-0.263,-0.308
-0.745,0.110,-0.389,0.179,-0.263,-0.308
-0.745,0.110,-0.389,0.179,-0.263,-0.308
-0.745,0.110,-0.389,0.179,-0.263,-0.308
-0.745,0.110,-0.389,0.179,-0.263,-0.308
-0.745,0.110,-0.389,0.179,-0.263,-0.308
-0.745,0.110,-0.389,0.179,-0.263,-0.308
-0.745,0.110,-0.389,0.179,-0.263,-0.308
-0.745,0.110,-0.389,0.179,-0.263,-0.308
-0.745,0.110,-0.389,0.179,-0.263,-0.308
-0.745,0.110,-0.389,0.179,-0.263,-0.308
-0.745,0.110,-0.389,0.179,-0.263,-0.308
-0.745,0.110,-0.389,0.179,-0.263,-0.308
-0.745,0.110,-0.389,0.179,-0.263,-0.308
-0.745,0.110,-0.389,0.179,-0.263,-0.308
-0.745,0.110,-0.389,0.179,-0.263,-0.308
-0.745,0.110,-0.389,0.179,-0.263,-0.308
-0.745,0.110,-0.389,0.179,-0.263,-0.308
-0.745,0.110,-0.389,0.179,-0.263,-0.308
-0.745,0.110,-0.389,0.179,-0.263,-0.308
-0.745,0.110,-0.389,0.179,-0.263,-0.308
-0.745,0.110,-0.389,0.179,-0.263,-0.308
-0.745,0.110,-0.389,0.179,-0.263,-0.308
-0.745,0.110,-0.389,0.179,-0.263,-0.308
-0.745,0.110,-0.389,0.179,-0.263,-0.308
-0.745,0.110,-0.389,0.179,-0.263,-0.308
-0.745,0.110,-0.389,0.179,-0.263,-0.308
-0.745,0.110,-0.389,0.179,-0.263,-0.308
-0.745,0.110,-0.389,0.179,-0.263,-0.308
-0.745,0.110,-0.389,0.179,-0.263,-0.308
-0.745,0.110,-0.389,0.179,-0.263,-0.308
-0.745,0.110,-0.389,0.179,-0.263,-0.308
-0.745,0.110,-0.389,0.179,-0.263,-0.308
-0.745,0.110,-0.389,0.179,-0.263,-0.308
-0.745,0.110,-0.389,0.179,-0.263,-0.308
-0.745,0.110,-0.389,0.179,-0.263,-0.308
-0.745,0.110,-0.389,0.179,-0.263,-0.308
-0.745,0.110,-0.389,0.179,-0.263,-0.308
-0.745,0.110,-0.389,0.179,-0.263,-0.308
-0.745,0.110,-0.389,0.179,-0.263,-0.308
-0.745,0.110,-0.389,0.179,-0.263,-0.308
-0.745,0.110,-0.389,0.179,-0.263,-0.308
-0.745,0.110,-0.389,0.179,-0.263,-0.308
-0.745,0.110,-0.389,0.179,-0.263,-0.308
-0.745,0.110,-0.389,0.179,-0.263,-0.308
-0.745,0.110,-0.389,0.179,-0.263,-0.308
-0.745,0.110,-0.389,0.179,-0.263,-0.308
-0.745,0.110,-0.389,0.179,-0.263,-0.308
-0.745,0.110,-0.389,0.179,-0.263,-0.308
-0.745,0.110,-0.389,0.179,-0.263,-0.308
-0.745,0.110,-0.389,0.179,-0.263,-0.308
-0.745,0.110,-0.389,0.179,-0.263,-0.308
-0.745,0.110,-0.389,0.179,-0.263,-0.308
-0.745,0.110,-0.389,0.179,-0.263,-0.308
-0.745,0.110,-0.389,0.179,-0.263,-0.308
-0.745,0.110,-0.389,0.179,-0.263,-0.308
-0.745,0.110,-0.389,0.179,-0.263,-0.308
-0.745,0.110,-0.389,0.179,-0.263,-0.308
-0.745,0.110,-0.389,0.179,-0.263,-0.308
-0.745,0.110,-0.389,0.179,-0.263,-0.308
-0.745,0.110,-0.389,0.179,-0.263,-0.308
-0.745,0.110,-0.389,0.179,-0.263,-0.308
-0.745,0.110,-0.389,0.179,-0.263,-0.308
-0.745,0.110,-0.389,0.179,-0.263,-0.308
-0.745,0.110,-0.389,0.179,-0.263,-0.308
-0.745,0.110,-0.389,0.179,-0.263,-0.308
-0.745,0.110,-0.389,0.179,-0.263,-0.308
-0.745,0.110,-0.389,0.179,-0.263,-0.308
-0.745,0.110,-0.389,0.179,-0.263,-0.308
-0.745,0.110,-0.389,0.179,-0.263,-0.308
-0.745,0.110,-0.389,0.179,-0.263,-0.308
-0.745,0.110,-0.389,0.179,-0.263,-0.308
-0.745,0.110,-0.389,0.179,-0.263,-0.308
-0.745,0.110,-0.389,0.179,-0.263,-0.308
-0.745,0.110,-0.389,0.179,-0.263,-0.308
-0.745,0.110,-0.389,0.179,-0.263,-0.308
-0.745,0.110,-0.389,0.179,-0.263,-0.308
-0.745,0.110,-0.389,0.179,-0.263,-0.308
-0.745,0.110,-0.389,0.179,-0.263,-0.308
-0.745,0.110,-0.389,0.179,-0.263,-0.308
-0.745,0.110,-0.389,0.179,-0.263,-0.308
-0.745,0.110,-0.389,0.179,-0.263,-0.308
-0.745,0.110,-0.389,0.179,-0.263,-0.308
-0.745,0.110,-0.389,0.179,-0.263,-0.308
-0.745,0.110,-0.389,0.179,-0.263,-0.308
-0.745,0.110,-0.389,0.179,-0.263,-0.308
-0.745,0.110,-0.389,0.179,-0.263,-0.308
-0.745,0.110,-0.389,0.179,-0.263,-0.308
-0.745,0.110,-0.389,0.179,-0.263,-0.308
-0.745,0.110,-0.389,0.179,-0.263,-0.308
-0.745,0.110,-0.389,0.179,-0.263,-0.308
-0.745,0.110,-0.389,0.179,-0.263,-0.308
-0.745,0.110,-0.389,0.179,-0.263,-0.308
-0.745,0.110,-0.389,0.179,-0.263,-0.308
-0.745,0.110,-0.389,0.179,-0.263,-0.308
-0.745,0.110,-0.389,0.179,-0.263,-0.308
-0.745,0.110,-0.389,0.179,-0.263,-0.308
-0.745,0.110,-0.389,0.179,-0.263,-0.308
-0.745,0.110,-0.389,0.179,-0.263,-0.308
-0.745,0.110,-0.389,0.179,-0.263,-0.308
-0.745,0.110,-0.389,0.179,-0.263,-0.308
-0.745,0.110,-0.389,0.179,-0.263,-0.308
-0.745,0.110,-0.389,0.179,-0.263,-0.308
-0.745,0.110,-0.389,0.179,-0.263,-0.308
-0.745,0.110,-0.389,0.179,-0.263,-0.308
-0.745,0.110,-0.389,0.179,-0.263,-0.308
-0.745,0.110,-0.389,0.179,-0.263,-0.308
-0.745,0.110,-0.389,0.179,-0.263,-0.308
-0.745,0.110,-0.389,0.179,-0.263,-0.308
-0.745,0.110,-0.389,0.179,-0.263,-0.308
-0.745,0.110,-0.389,0.179,-0.263,-0.308
-0.745,0.110,-0.389,0.179,-0.263,-0.308
-0.745,0.110,-0.389,0.179,-0.263,-0.308
-0.745,0.110,-0.389,0.179,-0.263,-0.308
-0.745,0.110,-0.389,0.179,-0.263,-0.308
-0.745,0.110,-0.389,0.179,-0.263,-0.308
-0.745,0.110,-0.389,0.179,-0.263,-0.308
-0.745,0.110,-0.389,0.179,-0.263,-0.308
-0.745,0.110,-0.389,0.179,-0.263,-0.308
-0.745,0.110,-0.389,0.179,-0.263,-0.308
-0.745,0.110,-0.389,0.179,-0.263,-0.308
-0.745,0.110,-0.389,0.179,-0.263,-0.308
-0.745,0.110,-0.389,0.179,-0.263,-0.308
-0.745,0.110,-0.389,0.179,-0.263,-0.308
-0.745,0.110,-0.389,0.179,-0.263,-0.308
-0.745,0.110,-0.389,0.179,-0.263,-0.308
-0.745,0.110,-0.389,0.179,-0.263,-0.308
-0.745,0.110,-0.389,0.179,-0.263,-0.308
-0.745,0.110,-0.389,0.179,-0.263,-0.308
-0.745,0.110,-0.389,0.179,-0.263,-0.308
-0.745,0.110,-0.389,0.179,-0.263,-0.308
-0.745,0.110,-0.389,0.179,-0.263,-0.308
-0.745,0.110,-0.389,0.179,-0.263,-0.308
-0.745,0.110,-0.389,0.179,-0.263,-0.308
-0.745,0.110,-0.389,0.179,-0.263,-0.308
-0.745,0.110,-0.389,0.179,-0.263,-0.308
-0.745,0.110,-0.389,0.179,-0.263,-0.308
-0.745,0.110,-0.389,0.179,-0.263,-0.308
-0.745,0.110,-0.389,0.179,-0.263,-0.308
-0.745,0.110,-0.389,0.179,-0.263,-0.308
-0.745,0.110,-0.389,0.179,-0.263,-0.308
-0.745,0.110,-0.389,0.179,-0.263,-0.308
-0.745,0.110,-0.389,0.179,-0.263,-0.308
-0.745,0.110,-0.389,0.179,-0.263,-0.308
-0.745,0.110,-0.389,0.179,-0.263,-0.308
-0.745,0.110,-0.389,0.179,-0.263,-0.308
-0.745,0.110,-0.389,0.179,-0.263,-0.308
-0.745,0.110,-0.389,0.179,-0.263,-0.308
-0.745,0.110,-0.389,0.179,-0.263,-0.308
-0.745,0.110,-0.389,0.179,-0.263,-0.308
-0.745,0.110,-0.389,0.179,-0.263,-0.308
-0.745,0.110,-0.389,0.179,-0.263,-0.308
-0.745,0.110,-0.389,0.179,-0.263,-0.308
-0.745,0.110,-0.389,0.179,-0.263,-0.308
-0.745,0.110,-0.389,0.179,-0.263,-0.308
-0.745,0.110,-0.389,0.179,-0.263,-0.308
-0.745,0.110,-0.389,0.179,-0.263,-0.308
-0.745,0.110,-0.389,0.179,-0.263,-0.308
-0.745,0.110,-0.389,0.179,-0.263,-0.308
-0.745,0.110,-0.389,0.179,-0.263,-0.308
-0.745,0.110,-0.389,0.179,-0.263,-0.308
-0.745,0.110,-0.389,0.179,-0.263,-0.308
-0.745,0.110,-0.389,0.179,-0.263,-0.308
-0.745,0.110,-0.389,0.179,-0.263,-0.308
-0.745,0.110,-0.389,0.179,-0.263,-0.308
-0.745,0.110,-0.389,0.179,-0.263,-0.308
-0.745,0.110,-0.389,0.179,-0.263,-0.308
-0.745,0.110,-0.389,0.179,-0.263,-0.308
-0.745,0.110,-0.389,0.179,-0.263,-0.308
-0.745,0.110,-0.389,0.179,-0.263,-0.308
-0.745,0.110,-0.389,0.179,-0.263,-0.308
-0.745,0.110,-0.389,0.179,-0.263,-0.308
-0.745,0.110,-0.389,0.179,-0.263,-0.308
-0.745,0.110,-0.389,0.179,-0.263,-0.308
-0.745,0.110,-0.389,0.179,-0.263,-0.308
-0.745,0.110,-0.389,0.179,-0.263,-0.308
-0.745,0.110,-0.389,0.179,-0.263,-0.308
-0.745,0.110,-0.389,0.179,-0.263,-0.308
-0.745,0.110,-0.389,0.179,-0.263,-0.308
-0.745,0.110,-0.389,0.179,-0.263,-0.308
-0.745,0.110,-0.389,0.179,-0.263,-0.308
-0.745,0.110,-0.389,0.179,-0.263,-0.308
-0.745,0.110,-0.389,0.179,-0.263,-0.308
-0.745,0.110,-0.389,0.179,-0.263,-0.308
-0.745,0.110,-0.389,0.179,-0.263,-0.308
-0.745,0.110,-0.389,0.179,-0.263,-0.308
-0.745,0.110,-0.389,0.179,-0.263,-0.308
-0.745,0.110,-0.389,0.179,-0.263,-0.308
-0.745,0.110,-0.389,0.179,-0.263,-0.308
-0.745,0.110,-0.389,0.179,-0.263,-0.308
-0.745,0.110,-0.389,0.179,-0.263,-0.308
-0.745,0.110,-0.389,0.179,-0.263,-0.308
-0.745,0.110,-0.389,0.179,-0.263,-0.308
-0.745,0.110,-0.389,0.179,-0.263,-0.308
-0.745,0.110,-0.389,0.179,-0.263,-0.308
-0.745,0.110,-0.389,0.179,-0.263,-0.308
-0.745,0.110,-0.389,0.179,-0.263,-0.308
-0.745,0.110,-0.389,0.179,-0.263,-0.308
-0.745,0.110,-0.389,0.179,-0.263,-0.308
-0.745,0.110,-0.389,0.179,-0.263,-0.308
-0.745,0.110,-0.389,0.179,-0.263,-0.308
-0.745,0.110,-0.389,0.179,-0.263,-0.308
-0.745,0.110,-0.389,0.179,-0.263,-0.308
-0.745,0.110,-0.389,0.179,-0.263,-0.308
-0.745,0.110,-0.389,0.179,-0.263,-0.308
-0.745,0.110,-0.389,0.179,-0.263,-0.308
-0.745,0.110,-0.389,0.179,-0.263,-0.308
-0.745,0.110,-0.389,0.179,-0.263,-0.308
-0.745,0.110,-0.389,0.179,-0.263,-0.308
-0.745,0.110,-0.389,0.179,-0.263,-0.308
-0.745,0.110,-0.389,0.179,-0.263,-0.308
-0.745,0.110,-0.389,0.179,-0.263,-0.308
-0.745,0.110,-0.389,0.179,-0.263,-0.308
-0.745,0.110,-0.389,0.179,-0.263,-0.308
-0.745,0.110,-0.389,0.179,-0.263,-0.308
-0.745,0.110,-0.389,0.179,-0.263,-0.308
-0.745,0.110,-0.389,0.179,-0.263,-0.308
-0.745,0.110,-0.389,0.179,-0.263,-0.308
-0.745,0.110,-0.389,0.179,-0.263,-0.308
-0.745,0.110,-0.389,0.179,-0.263,-0.308
-0.745,0.110,-0.389,0.179,-0.263,-0.308
-0.745,0.110,-0.389,0.179,-0.263,-0.308
-0.745,0.110,-0.389,0.179,-0.263,-0.308
-0.745,0.110,-0.389,0.179,-0.263,-0.308
-0.745,0.110,-0.389,0.179,-0.263,-0.308
-0.745,0.110,-0.389,0.179,-0.263,-0.308
-0.745,0.110,-0.389,0.179,-0.263,-0.308
-0.745,0.110,-0.389,0.179,-0.263,-0.308
-0.745,0.110,-0.389,0.179,-0.263,-0.308
-0.745,0.110,-0.389,0.179,-0.263,-0.308
-0.745,0.110,-0.389,0.179,-0.263,-0.308
-0.745,0.110,-0.389,0.179,-0.263,-0.308
-0.745,0.110,-0.389,0.179,-0.263,-0.308
-0.745,0.110,-0.389,0.179,-0.263,-0.308
-0.745,0.110,-0.389,0.179,-0.263,-0.308
-0.745,0.110,-0.389,0.179,-0.263,-0.308
-0.745,0.110,-0.389,0.179,-0.263,-0.308
-0.745,0.110,-0.389,0.179,-0.263,-0.308
-0.745,0.110,-0.389,0.179,-0.263,-0.308
-0.745,0.110,-0.389,0.179,-0.263,-0.308
-0.745,0.110,-0.389,0.179,-0.263,-0.308
-0.745,0.110,-0.389,0.179,-0.263,-0.308
-0.745,0.110,-0.389,0.179,-0.263,-0.308
-0.745,0.110,-0.389,0.179,-0.263,-0.308
-0.745,0.110,-0.389,0.179,-0.263,-0.308
-0.745,0.110,-0.389,0.179,-0.263,-0.308
-0.745,0.110,-0.389,0.179,-0.263,-0.308
-0.745,0.110,-0.389,0.179,-0.263,-0.308
-0.745,0.110,-0.389,0.179,-0.263,-0.308
-0.745,0.110,-0.389,0.179,-0.263,-0.308
-0.745,0.110,-0.389,0.179,-0.263,-0.308
-0.745,0.110,-0.389,0.179,-0.263,-0.308
-0.745,0.110,-0.389,0.179,-0.263,-0.308
-0.745,0.110,-0.389,0.179,-0.263,-0.308
-0.745,0.110,-0.389,0.179,-0.263,-0.308
-0.745,0.110,-0.389,0.179,-0.263,-0.308
-0.745,0.110,-0.389,0.179,-0.263,-0.308
-0.745,0.110,-0.389,0.179,-0.263,-0.308
-0.745,0.110,-0.389,0.179,-0.263,-0.308
-0.745,0.110,-0.389,0.179,-0.263,-0.308
-0.745,0.110,-0.389,0.179,-0.263,-0.308
-0.745,0.110,-0.389,0.179,-0.263,-0.308
-0.745,0.110,-0.389,0.179,-0.263,-0.308
-0.745,0.110,-0.389,0.179,-0.263,-0.308
-0.745,0.110,-0.389,0.179,-0.263,-0.308
-0.745,0.110,-0.389,0.179,-0.263,-0.308
-0.745,0.110,-0.389,0.179,-0.263,-0.308
-0.745,0.110,-0.389,0.179,-0.263,-0.308
-0.745,0.110,-0.389,0.179,-0.263,-0.308
-0.745,0.110,-0.389,0.179,-0.263,-0.308
-0.745,0.110,-0.389,0.179,-0.263,-0.308
-0.745,0.110,-0.389,0.179,-0.263,-0.308
-0.745,0.110,-0.389,0.179,-0.263,-0.308
-0.745,0.110,-0.389,0.179,-0.263,-0.308
-0.745,0.110,-0.389,0.179,-0.263,-0.308
-0.745,0.110,-0.389,0.179,-0.263,-0.308
-0.745,0.110,-0.389,0.179,-0.263,-0.308
-0.745,0.110,-0.389,0.179,-0.263,-0.308
-0.745,0.110,-0.389,0.179,-0.263,-0.308
-0.745,0.110,-0.389,0.179,-0.263,-0.308
-0.745,0.110,-0.389,0.179,-0.263,-0.308
-0.745,0.110,-0.389,0.179,-0.263,-0.308
-0.745,0.110,-0.389,0.179,-0.263,-0.308
-0.745,0.110,-0.389,0.179,-0.263,-0.308
-0.745,0.110,-0.389,0.179,-0.263,-0.308
-0.745,0.110,-0.389,0.179,-0.263,-0.308
-0.745,0.110,-0.389,0.179,-0.263,-0.308
-0.745,0.110,-0.389,0.179,-0.263,-0.308
-0.745,0.110,-0.389,0.179,-0.263,-0.308
-0.745,0.110,-0.389,0.179,-0.263,-0.308
-0.745,0.110,-0.389,0.179,-0.263,-0.308
-0.745,0.110,-0.389,0.179,-0.263,-0.308
-0.745,0.110,-0.389,0.179,-0.263,-0.308
-0.745,0.110,-0.389,0.179,-0.263,-0.308
-0.745,0.110,-0.389,0.179,-0.263,-0.308
-0.745,0.110,-0.389,0.179,-0.263,-0.308
-0.745,0.110,-0.389,0.179,-0.263,-0.308
-0.745,0.110,-0.389,0.179,-0.263,-0.308
-0.745,0.110,-0.389,0.179,-0.263,-0.308
-0.745,0.110,-0.389,0.179,-0.263,-0.308
-0.745,0.110,-0.389,0.179,-0.263,-0.308
-0.745,0.110,-0.389,0.179,-0.263,-0.308
-0.745,0.110,-0.389,0.179,-0.263,-0.308
-0.745,0.110,-0.389,0.179,-0.263,-0.308
-0.745,0.110,-0.389,0.179,-0.263,-0.308
-0.745,0.110,-0.389,0.179,-0.263,-0.308
-0.745,0.110,-0.389,0.179,-0.263,-0.308
-0.745,0.110,-0.389,0.179,-0.263,-0.308
-0.745,0.110,-0.389,0.179,-0.263,-0.308
-0.745,0.110,-0.389,0.179,-0.263,-0.308
-0.745,0.110,-0.389,0.179,-0.263,-0.308
-0.745,0.110,-0.389,0.179,-0.263,-0.308
-0.745,0.110,-0.389,0.179,-0.263,-0.308
-0.745,0.110,-0.389,0.179,-0.263,-0.308
-0.745,0.110,-0.389,0.179,-0.263,-0.308
-0.745,0.110,-0.389,0.179,-0.263,-0.308
-0.745,0.110,-0.389,0.179,-0.263,-0.308
-0.745,0.110,-0.389,0.179,-0.263,-0.308
-0.745,0.110,-0.389,0.179,-0.263,-0.308
-0.745,0.110,-0.389,0.179,-0.263,-0.308
-0.745,0.110,-0.389,0.179,-0.263,-0.308
-0.745,0.110,-0.389,0.179,-0.263,-0.308
-0.745,0.110,-0.389,0.179,-0.263,-0.308
-0.745,0.110,-0.389,0.179,-0.263,-0.308
-0.745,0.110,-0.389,0.179,-0.263,-0.308
-0.745,0.110,-0.389,0.179,-0.263,-0.308
-0.745,0.110,-0.389,0.179,-0.263,-0.308
-0.745,0.110,-0.389,0.179,-0.263,-0.308
-0.745,0.110,-0.389,0.179,-0.263,-0.308
-0.745,0.110,-0.389,0.179,-0.263,-0.308
-0.745,0.110,-0.389,0.179,-0.263,-0.308
-0.745,0.110,-0.389,0.179,-0.263,-0.308
-0.745,0.110,-0.389,0.179,-0.263,-0.308
-0.745,0.110,-0.389,0.179,-0.263,-0.308
-0.745,0.110,-0.389,0.179,-0.263,-0.308
-0.745,0.110,-0.389,0.179,-0.263,-0.308
-0.745,0.110,-0.389,0.179,-0.263,-0.308
-0.745,0.110,-0.389,0.179,-0.263,-0.308
-0.745,0.110,-0.389,0.179,-0.263,-0.308
-0.745,0.110,-0.389,0.179,-0.263,-0.308
-0.745,0.110,-0.389,0.179,-0.263,-0.308
-0.745,0.110,-0.389,0.179,-0.263,-0.308
-0.745,0.110,-0.389,0.179,-0.263,-0.308
-0.745,0.110,-0.389,0.179,-0.263,-0.308
-0.745,0.110,-0.389,0.179,-0.263,-0.308
-0.745,0.110,-0.389,0.179,-0.263,-0.308
-0.745,0.110,-0.389,0.179,-0.263,-0.308
-0.745,0.110,-0.389,0.179,-0.263,-0.308
-0.745,0.110,-0.389,0.179,-0.263,-0.308
-0.745,0.110,-0.389,0.179,-0.263,-0.308
-0.745,0.110,-0.389,0.179,-0.263,-0.308
-0.745,0.110,-0.389,0.179,-0.263,-0.308
-0.745,0.110,-0.389,0.179,-0.263,-0.308
-0.745,0.110,-0.389,0.179,-0.263,-0.308
-0.745,0.110,-0.389,0.179,-0.263,-0.308
-0.745,0.110,-0.389,0.179,-0.263,-0.308
-0.745,0.110,-0.389,0.179,-0.263,-0.308
-0.745,0.110,-0.389,0.179,-0.263,-0.308
-0.745,0.110,-0.389,0.179,-0.263,-0.308
-0.745,0.110,-0.389,0.179,-0.263,-0.308
-0.745,0.110,-0.389,0.179,-0.263,-0.308
-0.745,0.110,-0.389,0.179,-0.263,-0.308
-0.745,0.110,-0.389,0.179,-0.263,-0.308
-0.745,0.110,-0.389,0.179,-0.263,-0.308
-0.745,0.110,-0.389,0.179,-0.263,-0.308
-0.745,0.110,-0.389,0.179,-0.263,-0.308
-0.745,0.110,-0.389,0.179,-0.263,-0.308
-0.745,0.110,-0.389,0.179,-0.263,-0.308
-0.745,0.110,-0.389,0.179,-0.263,-0.308
-0.745,0.110,-0.389,0.179,-0.263,-0.308
-0.745,0.110,-0.389,0.179,-0.263,-0.308
-0.745,0.110,-0.389,0.179,-0.263,-0.308
-0.745,0.110,-0.389,0.179,-0.263,-0.308
-0.745,0.110,-0.389,0.179,-0.263,-0.308
-0.745,0.110,-0.389,0.179,-0.263,-0.308
-0.745,0.110,-0.389,0.179,-0.263,-0.308
-0.745,0.110,-0.389,0.179,-0.263,-0.308
-0.745,0.110,-0.389,0.179,-0.263,-0.308
-0.745,0.110,-0.389,0.179,-0.263,-0.308
-0.745,0.110,-0.389,0.179,-0.263,-0.308
-0.745,0.110,-0.389,0.179,-0.263,-0.308
-0.745,0.110,-0.389,0.179,-0.263,-0.308
-0.745,0.110,-0.389,0.179,-0.263,-0.308
-0.745,0.110,-0.389,0.179,-0.263,-0.308
-0.745,0.110,-0.389,0.179,-0.263,-0.308
-0.745,0.110,-0.389,0.179,-0.263,-0.308
-0.745,0.110,-0.389,0.179,-0.263,-0.308
-0.745,0.110,-0.389,0.179,-0.263,-0.308
-0.745,0.110,-0.389,0.179,-0.263,-0.308
-0.745,0.110,-0.389,0.179,-0.263,-0.308
-0.745,0.110,-0.389,0.179,-0.263,-0.308
-0.745,0.110,-0.389,0.179,-0.263,-0.308
-0.745,0.110,-0.389,0.179,-0.263,-0.308
-0.745,0.110,-0.389,0.179,-0.263,-0.308
-0.745,0.110,-0.389,0.179,-0.263,-0.308
-0.745,0.110,-0.389,0.179,-0.263,-0.308
-0.745,0.110,-0.389,0.179,-0.263,-0.308
-0.745,0.110,-0.389,0.179,-0.263,-0.308
-0.745,0.110,-0.389,0.179,-0.263,-0.308
-0.745,0.110,-0.389,0.179,-0.263,-0.308
-0.745,0.110,-0.389,0.179,-0.263,-0.308
-0.745,0.110,-0.389,0.179,-0.263,-0.308
-0.745,0.110,-0.389,0.179,-0.263,-0.308
-0.745,0.110,-0.389,0.179,-0.263,-0.308
-0.745,0.110,-0.389,0.179,-0.263,-0.308
-0.745,0.110,-0.389,0.179,-0.263,-0.308
-0.745,0.110,-0.389,0.179,-0.263,-0.308
-0.745,0.110,-0.389,0.179,-0.263,-0.308
-0.745,0.110,-0.389,0.179,-0.263,-0.308
-0.745,0.110,-0.389,0.179,-0.263,-0.308
-0.745,0.110,-0.389,0.179,-0.263,-0.308
-0.745,0.110,-0.389,0.179,-0.263,-0.308
-0.745,0.110,-0.389,0.179,-0.263,-0.308
-0.745,0.110,-0.389,0.179,-0.263,-0.308
-0.745,0.110,-0.389,0.179,-0.263,-0.308
-0.745,0.110,-0.389,0.179,-0.263,-0.308
-0.745,0.110,-0.389,0.179,-0.263,-0.308
-0.745,0.110,-0.389,0.179,-0.263,-0.308
-0.745,0.110,-0.389,0.179,-0.263,-0.308
-0.745,0.110,-0.389,0.179,-0.263,-0.308
-0.745,0.110,-0.389,0.179,-0.263,-0.308
-0.745,0.110,-0.389,0.179,-0.263,-0.308
-0.745,0.110,-0.389,0.179,-0.263,-0.308
-0.745,0.110,-0.389,0.179,-0.263,-0.308
-0.745,0.110,-0.389,0.179,-0.263,-0.308
-0.745,0.110,-0.389,0.179,-0.263,-0.308
-0.745,0.110,-0.389,0.179,-0.263,-0.308
-0.745,0.110,-0.389,0.179,-0.263,-0.308
-0.745,0.110,-0.389,0.179,-0.263,-0.308
-0.745,0.110,-0.389,0.179,-0.263,-0.308
-0.745,0.110,-0.389,0.179,-0.263,-0.308
-0.745,0.110,-0.389,0.179,-0.263,-0.308
-0.745,0.110,-0.389,0.179,-0.263,-0.308
-0.745,0.110,-0.389,0.179,-0.263,-0.308
-0.745,0.110,-0.389,0.179,-0.263,-0.308
-0.745,0.110,-0.389,0.179,-0.263,-0.308
-0.745,0.110,-0.389,0.179,-0.263,-0.308
-0.745,0.110,-0.389,0.179,-0.263,-0.308
-0.745,0.110,-0.389,0.179,-0.263,-0.308
-0.745,0.110,-0.389,0.179,-0.263,-0.308
-0.745,0.110,-0.389,0.179,-0.263,-0.308
-0.745,0.110,-0.389,0.179,-0.263,-0.308
-0.745,0.110,-0.389,0.179,-0.263,-0.308
-0.745,0.110,-0.389,0.179,-0.263,-0.308
-0.745,0.110,-0.389,0.179,-0.263,-0.308
-0.745,0.110,-0.389,0.179,-0.263,-0.308
-0.745,0.110,-0.389,0.179,-0.263,-0.308
-0.745,0.110,-0.389,0.179,-0.263,-0.308
-0.745,0.110,-0.389,0.179,-0.263,-0.308
-0.745,0.110,-0.389,0.179,-0.263,-0.308
-0.745,0.110,-0.389,0.179,-0.263,-0.308
-0.745,0.110,-0.389,0.179,-0.263,-0.308
-0.745,0.110,-0.389,0.179,-0.263,-0.308
-0.745,0.110,-0.389,0.179,-0.263,-0.308
-0.745,0.110,-0.389,0.179,-0.263,-0.308
-0.745,0.110,-0.389,0.179,-0.263,-0.308
-0.745,0.110,-0.389,0.179,-0.263,-0.308
-0.745,0.110,-0.389,0.179,-0.263,-0.308
-0.745,0.110,-0.389,0.179,-0.263,-0.308
-0.745,0.110,-0.389,0.179,-0.263,-0.308
-0.745,0.110,-0.389,0.179,-0.263,-0.308
-0.745,0.110,-0.389,0.179,-0.263,-0.308
-0.745,0.110,-0.389,0.179,-0.263,-0.308
-0.745,0.110,-0.389,0.179,-0.263,-0.308
-0.745,0.110,-0.389,0.179,-0.263,-0.308
-0.745,0.110,-0.389,0.179,-0.263,-0.308
-0.745,0.110,-0.389,0.179,-0.263,-0.308
-0.745,0.110,-0.389,0.179,-0.263,-0.308
-0.745,0.110,-0.389,0.179,-0.263,-0.308
-0.745,0.110,-0.389,0.179,-0.263,-0.308
-0.745,0.110,-0.389,0.179,-0.263,-0.308
-0.745,0.110,-0.389,0.179,-0.263,-0.308
-0.745,0.110,-0.389,0.179,-0.263,-0.308
-0.745,0.110,-0.389,0.179,-0.263,-0.308
-0.745,0.110,-0.389,0.179,-0.263,-0.308
-0.745,0.110,-0.389,0.179,-0.263,-0.308
-0.745,0.110,-0.389,0.179,-0.263,-0.308
-0.745,0.110,-0.389,0.179,-0.263,-0.308
-0.745,0.110,-0.389,0.179,-0.263,-0.308
-0.745,0.110,-0.389,0.179,-0.263,-0.308
-0.745,0.110,-0.389,0.179,-0.263,-0.308
-0.745,0.110,-0.389,0.179,-0.263,-0.308
-0.745,0.110,-0.389,0.179,-0.263,-0.308
-0.745,0.110,-0.389,0.179,-0.263,-0.308
-0.745,0.110,-0.389,0.179,-0.263,-0.308
-0.745,0.110,-0.389,0.179,-0.263,-0.308
-0.745,0.110,-0.389,0.179,-0.263,-0.308
-0.745,0.110,-0.389,0.179,-0.263,-0.308
-0.745,0.110,-0.389,0.179,-0.263,-0.308
-0.745,0.110,-0.389,0.179,-0.263,-0.308
-0.745,0.110,-0.389,0.179,-0.263,-0.308
-0.745,0.110,-0.389,0.179,-0.263,-0.308
-0.745,0.110,-0.389,0.179,-0.263,-0.308
-0.745,0.110,-0.389,0.179,-0.263,-0.308
-0.745,0.110,-0.389,0.179,-0.263,-0.308
-0.745,0.110,-0.389,0.179,-0.263,-0.308
-0.745,0.110,-0.389,0.179,-0.263,-0.308
-0.745,0.110,-0.389,0.179,-0.263,-0.308
-0.745,0.110,-0.389,0.179,-0.263,-0.308
-0.745,0.110,-0.389,0.179,-0.263,-0.308
-0.745,0.110,-0.389,0.179,-0.263,-0.308
-0.745,0.110,-0.389,0.179,-0.263,-0.308
-0.745,0.110,-0.389,0.179,-0.263,-0.308
-0.745,0.110,-0.389,0.179,-0.263,-0.308
-0.745,0.110,-0.389,0.179,-0.263,-0.308
-0.745,0.110,-0.389,0.179,-0.263,-0.308
-0.745,0.110,-0.389,0.179,-0.263,-0.308
-0.745,0.110,-0.389,0.179,-0.263,-0.308
-0.745,0.110,-0.389,0.179,-0.263,-0.308
-0.745,0.110,-0.389,0.179,-0.263,-0.308
-0.745,0.110,-0.389,0.179,-0.263,-0.308
-0.745,0.110,-0.389,0.179,-0.263,-0.308
-0.745,0.110,-0.389,0.179,-0.263,-0.308
-0.745,0.110,-0.389,0.179,-0.263,-0.308
-0.745,0.110,-0.389,0.179,-0.263,-0.308
-0.745,0.110,-0.389,0.179,-0.263,-0.308
-0.745,0.110,-0.389,0.179,-0.263,-0.308
-0.745,0.110,-0.389,0.179,-0.263,-0.308
-0.745,0.110,-0.389,0.179,-0.263,-0.308
-0.745,0.110,-0.389,0.179,-0.263,-0.308
-0.745,0.110,-0.389,0.179,-0.263,-0.308
-0.745,0.110,-0.389,0.179,-0.263,-0.308
-0.745,0.110,-0.389,0.179,-0.263,-0.308
-0.745,0.110,-0.389,0.179,-0.263,-0.308
-0.745,0.110,-0.389,0.179,-0.263,-0.308
-0.745,0.110,-0.389,0.179,-0.263,-0.308
-0.745,0.110,-0.389,0.179,-0.263,-0.308
-0.745,0.110,-0.389,0.179,-0.263,-0.308
-0.745,0.110,-0.389,0.179,-0.263,-0.308
-0.745,0.110,-0.389,0.179,-0.263,-0.308
-0.745,0.110,-0.389,0.179,-0.263,-0.308
-0.745,0.110,-0.389,0.179,-0.263,-0.308
-0.745,0.110,-0.389,0.179,-0.263,-0.308
-0.745,0.110,-0.389,0.179,-0.263,-0.308
-0.745,0.110,-0.389,0.179,-0.263,-0.308
-0.745,0.110,-0.389,0.179,-0.263,-0.308
-0.745,0.110,-0.389,0.179,-0.263,-0.308
-0.745,0.110,-0.389,0.179,-0.263,-0.308
-0.745,0.110,-0.389,0.179,-0.263,-0.308
-0.745,0.110,-0.389,0.179,-0.263,-0.308
-0.745,0.110,-0.389,0.179,-0.263,-0.308
-0.745,0.110,-0.389,0.179,-0.263,-0.308
-0.745,0.110,-0.389,0.179,-0.263,-0.308
-0.745,0.110,-0.389,0.179,-0.263,-0.308
-0.745,0.110,-0.389,0.179,-0.263,-0.308
-0.745,0.110,-0.389,0.179,-0.263,-0.308
-0.745,0.110,-0.389,0.179,-0.263,-0.308
-0.745,0.110,-0.389,0.179,-0.263,-0.308
-0.745,0.110,-0.389,0.179,-0.263,-0.308
-0.745,0.110,-0.389,0.179,-0.263,-0.308
-0.745,0.110,-0.389,0.179,-0.263,-0.308
-0.745,0.110,-0.389,0.179,-0.263,-0.308
-0.745,0.110,-0.389,0.179,-0.263,-0.308
-0.745,0.110,-0.389,0.179,-0.263,-0.308
-0.745,0.110,-0.389,0.179,-0.263,-0.308
-0.745,0.110,-0.389,0.179,-0.263,-0.308
-0.745,0.110,-0.389,0.179,-0.263,-0.308
-0.745,0.110,-0.389,0.179,-0.263,-0.308
-0.745,0.110,-0.389,0.179,-0.263,-0.308
-0.745,0.110,-0.389,0.179,-0.263,-0.308
-0.745,0.110,-0.389,0.179,-0.263,-0.308
-0.745,0.110,-0.389,0.179,-0.263,-0.308
-0.745,0.110,-0.389,0.179,-0.263,-0.308
-0.745,0.110,-0.389,0.179,-0.263,-0.308
-0.745,0.110,-0.389,0.179,-0.263,-0.308
-0.745,0.110,-0.389,0.179,-0.263,-0.308
-0.745,0.110,-0.389,0.179,-0.263,-0.308
-0.745,0.110,-0.389,0.179,-0.263,-0.308
-0.745,0.110,-0.389,0.179,-0.263,-0.308
-0.745,0.110,-0.389,0.179,-0.263,-0.308
-0.745,0.110,-0.389,0.179,-0.263,-0.308
-0.745,0.110,-0.389,0.179,-0.263,-0.308
-0.745,0.110,-0.389,0.179,-0.263,-0.308
-0.745,0.110,-0.389,0.179,-0.263,-0.308
-0.745,0.110,-0.389,0.179,-0.263,-0.308
-0.745,0.110,-0.389,0.179,-0.263,-0.308
-0.745,0.110,-0.389,0.179,-0.263,-0.308
-0.745,0.110,-0.389,0.179,-0.263,-0.308
-0.745,0.110,-0.389,0.179,-0.263,-0.308
-0.745,0.110,-0.389,0.179,-0.263,-0.308
-0.745,0.110,-0.389,0.179,-0.263,-0.308
-0.745,0.110,-0.389,0.179,-0.263,-0.308
-0.745,0.110,-0.389,0.179,-0.263,-0.308
-0.745,0.110,-0.389,0.179,-0.263,-0.308
-0.745,0.110,-0.389,0.179,-0.263,-0.308
-0.745,0.110,-0.389,0.179,-0.263,-0.308
-0.745,0.110,-0.389,0.179,-0.263,-0.308
-0.745,0.110,-0.389,0.179,-0.263,-0.308
-0.745,0.110,-0.389,0.179,-0.263,-0.308
-0.745,0.110,-0.389,0.179,-0.263,-0.308
-0.745,0.110,-0.389,0.179,-0.263,-0.308
-0.745,0.110,-0.389,0.179,-0.263,-0.308
-0.745,0.110,-0.389,0.179,-0.263,-0.308
-0.745,0.110,-0.389,0.179,-0.263,-0.308
-0.745,0.110,-0.389,0.179,-0.263,-0.308
-0.745,0.110,-0.389,0.179,-0.263,-0.308
-0.745,0.110,-0.389,0.179,-0.263,-0.308
-0.745,0.110,-0.389,0.179,-0.263,-0.308
-0.745,0.110,-0.389,0.179,-0.263,-0.308
-0.745,0.110,-0.389,0.179,-0.263,-0.308
-0.745,0.110,-0.389,0.179,-0.263,-0.308
-0.745,0.110,-0.389,0.179,-0.263,-0.308
-0.745,0.110,-0.389,0.179,-0.263,-0.308
-0.745,0.110,-0.389,0.179,-0.263,-0.308
-0.745,0.110,-0.389,0.179,-0.263,-0.308
-0.745,0.110,-0.389,0.179,-0.263,-0.308
-0.745,0.110,-0.389,0.179,-0.263,-0.308
-0.745,0.110,-0.389,0.179,-0.263,-0.308
-0.745,0.110,-0.389,0.179,-0.263,-0.308
-0.745,0.110,-0.389,0.179,-0.263,-0.308
-0.745,0.110,-0.389,0.179,-0.263,-0.308
-0.745,0.110,-0.389,0.179,-0.263,-0.308
-0.745,0.110,-0.389,0.179,-0.263,-0.308
-0.745,0.110,-0.389,0.179,-0.263,-0.308
-0.745,0.110,-0.389,0.179,-0.263,-0.308
-0.745,0.110,-0.389,0.179,-0.263,-0.308
-0.745,0.110,-0.389,0.179,-0.263,-0.308
-0.745,0.110,-0.389,0.179,-0.263,-0.308
-0.745,0.110,-0.389,0.179,-0.263,-0.308
-0.745,0.110,-0.389,0.179,-0.263,-0.308
-0.745,0.110,-0.389,0.179,-0.263,-0.308
-0.745,0.110,-0.389,0.179,-0.263,-0.308
-0.745,0.110,-0.389,0.179,-0.263,-0.308
-0.745,0.110,-0.389,0.179,-0.263,-0.308
-0.745,0.110,-0.389,0.179,-0.263,-0.308
-0.745,0.110,-0.389,0.179,-0.263,-0.308
-0.745,0.110,-0.389,0.179,-0.263,-0.308
-0.745,0.110,-0.389,0.179,-0.263,-0.308
-0.745,0.110,-0.389,0.179,-0.263,-0.308
-0.745,0.110,-0.389,0.179,-0.263,-0.308
-0.745,0.110,-0.389,0.179,-0.263,-0.308
-0.745,0.110,-0.389,0.179,-0.263,-0.308
-0.745,0.110,-0.389,0.179,-0.263,-0.308
-0.745,0.110,-0.389,0.179,-0.263,-0.308
-0.745,0.110,-0.389,0.179,-0.263,-0.308
-0.745,0.110,-0.389,0.179,-0.263,-0.308
-0.745,0.110,-0.389,0.179,-0.263,-0.308
-0.745,0.110,-0.389,0.179,-0.263,-0.308
-0.745,0.110,-0.389,0.179,-0.263,-0.308
-0.745,0.110,-0.389,0.179,-0.263,-0.308
-0.745,0.110,-0.389,0.179,-0.263,-0.308
-0.745,0.110,-0.389,0.179,-0.263,-0.308
-0.745,0.110,-0.389,0.179,-0.263,-0.308
-0.745,0.110,-0.389,0.179,-0.263,-0.308
-0.745,0.110,-0.389,0.179,-0.263,-0.308
-0.745,0.110,-0.389,0.179,-0.263,-0.308
-0.745,0.110,-0.389,0.179,-0.263,-0.308
-0.745,0.110,-0.389,0.179,-0.263,-0.308
-0.745,0.110,-0.389,0.179,-0.263,-0.308
-0.745,0.110,-0.389,0.179,-0.263,-0.308
-0.745,0.110,-0.389,0.179,-0.263,-0.308
-0.745,0.110,-0.389,0.179,-0.263,-0.308
-0.745,0.110,-0.389,0.179,-0.263,-0.308
-0.745,0.110,-0.389,0.179,-0.263,-0.308
-0.745,0.110,-0.389,0.179,-0.263,-0.308
-0.745,0.110,-0.389,0.179,-0.263,-0.308
-0.745,0.110,-0.389,0.179,-0.263,-0.308
-0.745,0.110,-0.389,0.179,-0.263,-0.308
-0.745,0.110,-0.389,0.179,-0.263,-0.308
-0.745,0.110,-0.389,0.179,-0.263,-0.308
-0.745,0.110,-0.389,0.179,-0.263,-0.308
-0.745,0.110,-0.389,0.179,-0.263,-0.308
-0.745,0.110,-0.389,0.179,-0.263,-0.308
-0.745,0.110,-0.389,0.179,-0.263,-0.308
-0.745,0.110,-0.389,0.179,-0.263,-0.308
-0.745,0.110,-0.389,0.179,-0.263,-0.308
-0.745,0.110,-0.389,0.179,-0.263,-0.308
-0.745,0.110,-0.389,0.179,-0.263,-0.308
-0.745,0.110,-0.389,0.179,-0.263,-0.308
-0.745,0.110,-0.389,0.179,-0.263,-0.308
-0.745,0.110,-0.389,0.179,-0.263,-0.308
-0.745,0.110,-0.389,0.179,-0.263,-0.308
-0.745,0.110,-0.389,0.179,-0.263,-0.308
-0.745,0.110,-0.389,0.179,-0.263,-0.308
-0.745,0.110,-0.389,0.179,-0.263,-0.308
-0.745,0.110,-0.389,0.179,-0.263,-0.308
-0.745,0.110,-0.389,0.179,-0.263,-0.308
-0.745,0.110,-0.389,0.179,-0.263,-0.308
-0.745,0.110,-0.389,0.179,-0.263,-0.308
-0.745,0.110,-0.389,0.179,-0.263,-0.308
-0.745,0.110,-0.389,0.179,-0.263,-0.308
-0.745,0.110,-0.389,0.179,-0.263,-0.308
-0.745,0.110,-0.389,0.179,-0.263,-0.308
-0.745,0.110,-0.389,0.179,-0.263,-0.308
-0.745,0.110,-0.389,0.179,-0.263,-0.308
-0.745,0.110,-0.389,0.179,-0.263,-0.308
-0.745,0.110,-0.389,0.179,-0.263,-0.308
-0.745,0.110,-0.389,0.179,-0.263,-0.308
-0.745,0.110,-0.389,0.179,-0.263,-0.308
-0.745,0.110,-0.389,0.179,-0.263,-0.308
-0.745,0.110,-0.389,0.179,-0.263,-0.308
-0.745,0.110,-0.389,0.179,-0.263,-0.308
-0.745,0.110,-0.389,0.179,-0.263,-0.308
-0.745,0.110,-0.389,0.179,-0.263,-0.308
-0.745,0.110,-0.389,0.179,-0.263,-0.308
-0.745,0.110,-0.389,0.179,-0.263,-0.308
-0.745,0.110,-0.389,0.179,-0.263,-0.308
-0.745,0.110,-0.389,0.179,-0.263,-0.308
-0.745,0.110,-0.389,0.179,-0.263,-0.308
-0.745,0.110,-0.389,0.179,-0.263,-0.308
-0.745,0.110,-0.389,0.179,-0.263,-0.308
-0.745,0.110,-0.389,0.179,-0.263,-0.308
-0.745,0.110,-0.389,0.179,-0.263,-0.308
-0.745,0.110,-0.389,0.179,-0.263,-0.308
-0.745,0.110,-0.389,0.179,-0.263,-0.308
-0.745,0.110,-0.389,0.179,-0.263,-0.308
-0.745,0.110,-0.389,0.179,-0.263,-0.308
-0.745,0.110,-0.389,0.179,-0.263,-0.308
-0.745,0.110,-0.389,0.179,-0.263,-0.308
-0.745,0.110,-0.389,0.179,-0.263,-0.308
-0.745,0.110,-0.389,0.179,-0.263,-0.308
-0.745,0.110,-0.389,0.179,-0.263,-0.308
-0.745,0.110,-0.389,0.179,-0.263,-0.308
-0.745,0.110,-0.389,0.179,-0.263,-0.308
-0.745,0.110,-0.389,0.179,-0.263,-0.308
-0.745,0.110,-0.389,0.179,-0.263,-0.308
-0.745,0.110,-0.389,0.179,-0.263,-0.308
-0.745,0.110,-0.389,0.179,-0.263,-0.308
-0.745,0.110,-0.389,0.179,-0.263,-0.308
-0.745,0.110,-0.389,0.179,-0.263,-0.308
-0.745,0.110,-0.389,0.179,-0.263,-0.308
-0.745,0.110,-0.389,0.179,-0.263,-0.308
-0.745,0.110,-0.389,0.179,-0.263,-0.308
-0.745,0.110,-0.389,0.179,-0.263,-0.308
-0.745,0.110,-0.389,0.179,-0.263,-0.308
-0.745,0.110,-0.389,0.179,-0.263,-0.308
-0.745,0.110,-0.389,0.179,-0.263,-0.308
-0.745,0.110,-0.389,0.179,-0.263,-0.308
-0.745,0.110,-0.389,0.179,-0.263,-0.308
-0.745,0.110,-0.389,0.179,-0.263,-0.308
-0.745,0.110,-0.389,0.179,-0.263,-0.308
-0.745,0.110,-0.389,0.179,-0.263,-0.308
-0.745,0.110,-0.389,0.179,-0.263,-0.308
-0.745,0.110,-0.389,0.179,-0.263,-0.308
-0.745,0.110,-0.389,0.179,-0.263,-0.308
-0.745,0.110,-0.389,0.179,-0.263,-0.308
-0.745,0.110,-0.389,0.179,-0.263,-0.308
-0.745,0.110,-0.389,0.179,-0.263,-0.308
-0.745,0.110,-0.389,0.179,-0.263,-0.308
-0.745,0.110,-0.389,0.179,-0.263,-0.308
-0.745,0.110,-0.389,0.179,-0.263,-0.308
-0.745,0.110,-0.389,0.179,-0.263,-0.308
-0.745,0.110,-0.389,0.179,-0.263,-0.308
-0.745,0.110,-0.389,0.179,-0.263,-0.308
-0.745,0.110,-0.389,0.179,-0.263,-0.308
-0.745,0.110,-0.389,0.179,-0.263,-0.308
-0.745,0.110,-0.389,0.179,-0.263,-0.308
-0.745,0.110,-0.389,0.179,-0.263,-0.308
-0.745,0.110,-0.389,0.179,-0.263,-0.308
-0.745,0.110,-0.389,0.179,-0.263,-0.308
-0.745,0.110,-0.389,0.179,-0.263,-0.308
-0.745,0.110,-0.389,0.179,-0.263,-0.308
-0.745,0.110,-0.389,0.179,-0.263,-0.308
-0.745,0.110,-0.389,0.179,-0.263,-0.308
-0.745,0.110,-0.389,0.179,-0.263,-0.308
-0.745,0.110,-0.389,0.179,-0.263,-0.308
-0.745,0.110,-0.389,0.179,-0.263,-0.308
-0.745,0.110,-0.389,0.179,-0.263,-0.308
-0.745,0.110,-0.389,0.179,-0.263,-0.308
-0.745,0.110,-0.389,0.179,-0.263,-0.308
-0.745,0.110,-0.389,0.179,-0.263,-0.308
-0.745,0.110,-0.389,0.179,-0.263,-0.308
-0.745,0.110,-0.389,0.179,-0.263,-0.308
-0.745,0.110,-0.389,0.179,-0.263,-0.308
-0.745,0.110,-0.389,0.179,-0.263,-0.308
-0.745,0.110,-0.389,0.179,-0.263,-0.308
-0.745,0.110,-0.389,0.179,-0.263,-0.308
-0.745,0.110,-0.389,0.179,-0.263,-0.308
-0.745,0.110,-0.389,0.179,-0.263,-0.308
-0.745,0.110,-0.389,0.179,-0.263,-0.308
-0.745,0.110,-0.389,0.179,-0.263,-0.308
-0.745,0.110,-0.389,0.179,-0.263,-0.308
-0.745,0.110,-0.389,0.179,-0.263,-0.308
-0.745,0.110,-0.389,0.179,-0.263,-0.308
-0.745,0.110,-0.389,0.179,-0.263,-0.308
-0.745,0.110,-0.389,0.179,-0.263,-0.308
-0.745,0.110,-0.389,0.179,-0.263,-0.308
-0.745,0.110,-0.389,0.179,-0.263,-0.308
-0.745,0.110,-0.389,0.179,-0.263,-0.308
-0.745,0.110,-0.389,0.179,-0.263,-0.308
-0.745,0.110,-0.389,0.179,-0.263,-0.308
-0.745,0.110,-0.389,0.179,-0.263,-0.308
-0.745,0.110,-0.389,0.179,-0.263,-0.308
-0.745,0.110,-0.389,0.179,-0.263,-0.308
-0.745,0.110,-0.389,0.179,-0.263,-0.308
-0.745,0.110,-0.389,0.179,-0.263,-0.308
-0.745,0.110,-0.389,0.179,-0.263,-0.308
-0.745,0.110,-0.389,0.179,-0.263,-0.308
-0.745,0.110,-0.389,0.179,-0.263,-0.308
-0.745,0.110,-0.389,0.179,-0.263,-0.308
-0.745,0.110,-0.389,0.179,-0.263,-0.308
-0.745,0.110,-0.389,0.179,-0.263,-0.308
-0.745,0.110,-0.389,0.179,-0.263,-0.308
-0.745,0.110,-0.389,0.179,-0.263,-0.308
-0.745,0.110,-0.389,0.179,-0.263,-0.308
-0.745,0.110,-0.389,0.179,-0.263,-0.308
-0.745,0.110,-0.389,0.179,-0.263,-0.308
-0.745,0.110,-0.389,0.179,-0.263,-0.308
-0.745,0.110,-0.389,0.179,-0.263,-0.308
-0.745,0.110,-0.389,0.179,-0.263,-0.308
-0.745,0.110,-0.389,0.179,-0.263,-0.308
-0.745,0.110,-0.389,0.179,-0.263,-0.308
-0.745,0.110,-0.389,0.179,-0.263,-0.308
-0.745,0.110,-0.389,0.179,-0.263,-0.308
-0.745,0.110,-0.389,0.179,-0.263,-0.308
-0.745,0.110,-0.389,0.179,-0.263,-0.308
-0.745,0.110,-0.389,0.179,-0.263,-0.308
-0.745,0.110,-0.389,0.179,-0.263,-0.308
-0.745,0.110,-0.389,0.179,-0.263,-0.308
-0.745,0.110,-0.389,0.179,-0.263,-0.308
-0.745,0.110,-0.389,0.179,-0.263,-0.308
-0.745,0.110,-0.389,0.179,-0.263,-0.308
-0.745,0.110,-0.389,0.179,-0.263,-0.308
-0.745,0.110,-0.389,0.179,-0.263,-0.308
-0.745,0.110,-0.389,0.179,-0.263,-0.308
-0.745,0.110,-0.389,0.179,-0.263,-0.308
-0.745,0.110,-0.389,0.179,-0.263,-0.308
-0.745,0.110,-0.389,0.179,-0.263,-0.308
-0.745,0.110,-0.389,0.179,-0.263,-0.308
-0.745,0.110,-0.389,0.179,-0.263,-0.308
-0.745,0.110,-0.389,0.179,-0.263,-0.308
-0.745,0.110,-0.389,0.179,-0.263,-0.308
-0.745,0.110,-0.389,0.179,-0.263,-0.308
-0.745,0.110,-0.389,0.179,-0.263,-0.308
-0.745,0.110,-0.389,0.179,-0.263,-0.308
-0.745,0.110,-0.389,0.179,-0.263,-0.308
-0.745,0.110,-0.389,0.179,-0.263,-0.308
-0.745,0.110,-0.389,0.179,-0.263,-0.308
-0.745,0.110,-0.389,0.179,-0.263,-0.308
-0.745,0.110,-0.389,0.179,-0.263,-0.308
-0.745,0.110,-0.389,0.179,-0.263,-0.308
-0.745,0.110,-0.389,0.179,-0.263,-0.308
-0.745,0.110,-0.389,0.179,-0.263,-0.308
-0.745,0.110,-0.389,0.179,-0.263,-0.308
-0.745,0.110,-0.389,0.179,-0.263,-0.308
-0.745,0.110,-0.389,0.179,-0.263,-0.308
-0.745,0.110,-0.389,0.179,-0.263,-0.308
-0.745,0.110,-0.389,0.179,-0.263,-0.308
-0.745,0.110,-0.389,0.179,-0.263,-0.308
-0.745,0.110,-0.389,0.179,-0.263,-0.308
-0.745,0.110,-0.389,0.179,-0.263,-0.308
-0.745,0.110,-0.389,0.179,-0.263,-0.308
-0.745,0.110,-0.389,0.179,-0.263,-0.308
-0.745,0.110,-0.389,0.179,-0.263,-0.308
-0.745,0.110,-0.389,0.179,-0.263,-0.308
-0.745,0.110,-0.389,0.179,-0.263,-0.308
-0.745,0.110,-0.389,0.179,-0.263,-0.308
-0.745,0.110,-0.389,0.179,-0.263,-0.308
-0.745,0.110,-0.389,0.179,-0.263,-0.308
-0.745,0.110,-0.389,0.179,-0.263,-0.308
-0.745,0.110,-0.389,0.179,-0.263,-0.308
-0.745,0.110,-0.389,0.179,-0.263,-0.308
-0.745,0.110,-0.389,0.179,-0.263,-0.308
-0.745,0.110,-0.389,0.179,-0.263,-0.308
-0.745,0.110,-0.389,0.179,-0.263,-0.308
-0.745,0.110,-0.389,0.179,-0.263,-0.308
-0.745,0.110,-0.389,0.179,-0.263,-0.308
-0.745,0.110,-0.389,0.179,-0.263,-0.308
-0.745,0.110,-0.389,0.179,-0.263,-0.308
-0.745,0.110,-0.389,0.179,-0.263,-0.308
-0.745,0.110,-0.389,0.179,-0.263,-0.308
-0.745,0.110,-0.389,0.179,-0.263,-0.308
-0.745,0.110,-0.389,0.179,-0.263,-0.308
-0.745,0.110,-0.389,0.179,-0.263,-0.308
-0.745,0.110,-0.389,0.179,-0.263,-0.308
-0.745,0.110,-0.389,0.179,-0.263,-0.308
-0.745,0.110,-0.389,0.179,-0.263,-0.308
-0.745,0.110,-0.389,0.179,-0.263,-0.308
-0.745,0.110,-0.389,0.179,-0.263,-0.308
-0.745,0.110,-0.389,0.179,-0.263,-0.308
-0.745,0.110,-0.389,0.179,-0.263,-0.308
-0.745,0.110,-0.389,0.179,-0.263,-0.308
-0.745,0.110,-0.389,0.179,-0.263,-0.308
-0.745,0.110,-0.389,0.179,-0.263,-0.308
-0.745,0.110,-0.389,0.179,-0.263,-0.308
-0.745,0.110,-0.389,0.179,-0.263,-0.308
-0.745,0.110,-0.389,0.179,-0.263,-0.308
-0.745,0.110,-0.389,0.179,-0.263,-0.308
-0.745,0.110,-0.389,0.179,-0.263,-0.308
-0.745,0.110,-0.389,0.179,-0.263,-0.308
-0.745,0.110,-0.389,0.179,-0.263,-0.308
-0.745,0.110,-0.389,0.179,-0.263,-0.308
-0.745,0.110,-0.389,0.179,-0.263,-0.308
-0.745,0.110,-0.389,0.179,-0.263,-0.308
-0.745,0.110,-0.389,0.179,-0.263,-0.308
-0.745,0.110,-0.389,0.179,-0.263,-0.308
-0.745,0.110,-0.389,0.179,-0.263,-0.308
-0.745,0.110,-0.389,0.179,-0.263,-0.308
-0.745,0.110,-0.389,0.179,-0.263,-0.308
-0.745,0.110,-0.389,0.179,-0.263,-0.308
-0.745,0.110,-0.389,0.179,-0.263,-0.308
-0.745,0.110,-0.389,0.179,-0.263,-0.308
-0.745,0.110,-0.389,0.179,-0.263,-0.308
-0.745,0.110,-0.389,0.179,-0.263,-0.308
-0.745,0.110,-0.389,0.179,-0.263,-0.308
-0.745,0.110,-0.389,0.179,-0.263,-0.308
-0.745,0.110,-0.389,0.179,-0.263,-0.308
-0.745,0.110,-0.389,0.179,-0.263,-0.308
-0.745,0.110,-0.389,0.179,-0.263,-0.308
-0.745,0.110,-0.389,0.179,-0.263,-0.308
-0.745,0.110,-0.389,0.179,-0.263,-0.308
-0.745,0.110,-0.389,0.179,-0.263,-0.308
-0.745,0.110,-0.389,0.179,-0.263,-0.308
-0.745,0.110,-0.389,0.179,-0.263,-0.308
-0.745,0.110,-0.389,0.179,-0.263,-0.308
-0.745,0.110,-0.389,0.179,-0.263,-0.308
-0.745,0.110,-0.389,0.179,-0.263,-0.308
-0.745,0.110,-0.389,0.179,-0.263,-0.308
-0.745,0.110,-0.389,0.179,-0.263,-0.308
-0.745,0.110,-0.389,0.179,-0.263,-0.308
-0.745,0.110,-0.389,0.179,-0.263,-0.308
-0.745,0.110,-0.389,0.179,-0.263,-0.308
-0.745,0.110,-0.389,0.179,-0.263,-0.308
-0.745,0.110,-0.389,0.179,-0.263,-0.308
-0.745,0.110,-0.389,0.179,-0.263,-0.308
-0.745,0.110,-0.389,0.179,-0.263,-0.308
-0.745,0.110,-0.389,0.179,-0.263,-0.308
-0.745,0.110,-0.389,0.179,-0.263,-0.308
-0.745,0.110,-0.389,0.179,-0.263,-0.308
-0.745,0.110,-0.389,0.179,-0.263,-0.308
-0.745,0.110,-0.389,0.179,-0.263,-0.308
-0.745,0.110,-0.389,0.179,-0.263,-0.308
-0.745,0.110,-0.389,0.179,-0.263,-0.308
-0.745,0.110,-0.389,0.179,-0.263,-0.308
-0.745,0.110,-0.389,0.179,-0.263,-0.308
-0.745,0.110,-0.389,0.179,-0.263,-0.308
-0.745,0.110,-0.389,0.179,-0.263,-0.308
-0.745,0.110,-0.389,0.179,-0.263,-0.308
-0.745,0.110,-0.389,0.179,-0.263,-0.308
-0.745,0.110,-0.389,0.179,-0.263,-0.308
-0.745,0.110,-0.389,0.179,-0.263,-0.308
-0.745,0.110,-0.389,0.179,-0.263,-0.308
-0.745,0.110,-0.389,0.179,-0.263,-0.308
-0.745,0.110,-0.389,0.179,-0.263,-0.308
-0.745,0.110,-0.389,0.179,-0.263,-0.308
-0.745,0.110,-0.389,0.179,-0.263,-0.308
-0.745,0.110,-0.389,0.179,-0.263,-0.308
-0.745,0.110,-0.389,0.179,-0.263,-0.308
-0.745,0.110,-0.389,0.179,-0.263,-0.308
-0.745,0.110,-0.389,0.179,-0.263,-0.308
-0.745,0.110,-0.389,0.179,-0.263,-0.308
-0.745,0.110,-0.389,0.179,-0.263,-0.308
-0.745,0.110,-0.389,0.179,-0.263,-0.308
-0.745,0.110,-0.389,0.179,-0.263,-0.308
-0.745,0.110,-0.389,0.179,-0.263,-0.308
-0.745,0.110,-0.389,0.179,-0.263,-0.308
-0.745,0.110,-0.389,0.179,-0.263,-0.308
-0.745,0.110,-0.389,0.179,-0.263,-0.308
-0.745,0.110,-0.389,0.179,-0.263,-0.308
-0.745,0.110,-0.389,0.179,-0.263,-0.308
-0.745,0.110,-0.389,0.179,-0.263,-0.308
-0.745,0.110,-0.389,0.179,-0.263,-0.308
-0.745,0.110,-0.389,0.179,-0.263,-0.308
-0.745,0.110,-0.389,0.179,-0.263,-0.308
-0.745,0.110,-0.389,0.179,-0.263,-0.308
-0.745,0.110,-0.389,0.179,-0.263,-0.308
-0.745,0.110,-0.389,0.179,-0.263,-0.308
-0.745,0.110,-0.389,0.179,-0.263,-0.308
-0.745,0.110,-0.389,0.179,-0.263,-0.308
-0.745,0.110,-0.389,0.179,-0.263,-0.308
-0.745,0.110,-0.389,0.179,-0.263,-0.308
-0.745,0.110,-0.389,0.179,-0.263,-0.308
-0.745,0.110,-0.389,0.179,-0.263,-0.308
-0.745,0.110,-0.389,0.179,-0.263,-0.308
-0.745,0.110,-0.389,0.179,-0.263,-0.308
-0.745,0.110,-0.389,0.179,-0.263,-0.308
-0.745,0.110,-0.389,0.179,-0.263,-0.308
-0.745,0.110,-0.389,0.179,-0.263,-0.308
-0.745,0.110,-0.389,0.179,-0.263,-0.308
-0.745,0.110,-0.389,0.179,-0.263,-0.308
-0.745,0.110,-0.389,0.179,-0.263,-0.308
-0.745,0.110,-0.389,0.179,-0.263,-0.308
-0.745,0.110,-0.389,0.179,-0.263,-0.308
-0.745,0.110,-0.389,0.179,-0.263,-0.308
-0.745,0.110,-0.389,0.179,-0.263,-0.308
-0.745,0.110,-0.389,0.179,-0.263,-0.308
-0.745,0.110,-0.389,0.179,-0.263,-0.308
-0.745,0.110,-0.389,0.179,-0.263,-0.308
-0.745,0.110,-0.389,0.179,-0.263,-0.308
-0.745,0.110,-0.389,0.179,-0.263,-0.308
-0.745,0.110,-0.389,0.179,-0.263,-0.308
-0.745,0.110,-0.389,0.179,-0.263,-0.308
-0.745,0.110,-0.389,0.179,-0.263,-0.308
-0.745,0.110,-0.389,0.179,-0.263,-0.308
-0.745,0.110,-0.389,0.179,-0.263,-0.308
-0.745,0.110,-0.389,0.179,-0.263,-0.308
-0.745,0.110,-0.389,0.179,-0.263,-0.308
-0.745,0.110,-0.389,0.179,-0.263,-0.308
-0.745,0.110,-0.389,0.179,-0.263,-0.308
-0.745,0.110,-0.389,0.179,-0.263,-0.308
-0.745,0.110,-0.389,0.179,-0.263,-0.308
-0.745,0.110,-0.389,0.179,-0.263,-0.308
-0.745,0.110,-0.389,0.179,-0.263,-0.308
-0.745,0.110,-0.389,0.179,-0.263,-0.308
-0.745,0.110,-0.389,0.179,-0.263,-0.308
-0.745,0.110,-0.389,0.179,-0.263,-0.308
-0.745,0.110,-0.389,0.179,-0.263,-0.308
-0.745,0.110,-0.389,0.179,-0.263,-0.308
-0.745,0.110,-0.389,0.179,-0.263,-0.308
-0.745,0.110,-0.389,0.179,-0.263,-0.308
-0.745,0.110,-0.389,0.179,-0.263,-0.308
-0.745,0.110,-0.389,0.179,-0.263,-0.308
-0.745,0.110,-0.389,0.179,-0.263,-0.308
-0.745,0.110,-0.389,0.179,-0.263,-0.308
-0.745,0.110,-0.389,0.179,-0.263,-0.308
-0.745,0.110,-0.389,0.179,-0.263,-0.308
-0.745,0.110,-0.389,0.179,-0.263,-0.308
-0.745,0.110,-0.389,0.179,-0.263,-0.308
-0.745,0.110,-0.389,0.179,-0.263,-0.308
-0.745,0.110,-0.389,0.179,-0.263,-0.308
-0.745,0.110,-0.389,0.179,-0.263,-0.308
-0.745,0.110,-0.389,0.179,-0.263,-0.308
-0.745,0.110,-0.389,0.179,-0.263,-0.308
-0.745,0.110,-0.389,0.179,-0.263,-0.308
-0.745,0.110,-0.389,0.179,-0.263,-0.308
-0.745,0.110,-0.389,0.179,-0.263,-0.308
-0.745,0.110,-0.389,0.179,-0.263,-0.308
-0.745,0.110,-0.389,0.179,-0.263,-0.308
-0.745,0.110,-0.389,0.179,-0.263,-0.308
-0.745,0.110,-0.389,0.179,-0.263,-0.308
-0.745,0.110,-0.389,0.179,-0.263,-0.308
-0.745,0.110,-0.389,0.179,-0.263,-0.308
-0.745,0.110,-0.389,0.179,-0.263,-0.308
-0.745,0.110,-0.389,0.179,-0.263,-0.308
-0.745,0.110,-0.389,0.179,-0.263,-0.308
-0.745,0.110,-0.389,0.179,-0.263,-0.308
-0.745,0.110,-0.389,0.179,-0.263,-0.308
-0.745,0.110,-0.389,0.179,-0.263,-0.308
-0.745,0.110,-0.389,0.179,-0.263,-0.308
-0.745,0.110,-0.389,0.179,-0.263,-0.308
-0.745,0.110,-0.389,0.179,-0.263,-0.308
-0.745,0.110,-0.389,0.179,-0.263,-0.308
-0.745,0.110,-0.389,0.179,-0.263,-0.308
-0.745,0.110,-0.389,0.179,-0.263,-0.308
-0.745,0.110,-0.389,0.179,-0.263,-0.308
-0.745,0.110,-0.389,0.179,-0.263,-0.308
-0.745,0.110,-0.389,0.179,-0.263,-0.308
-0.745,0.110,-0.389,0.179,-0.263,-0.308
-0.745,0.110,-0.389,0.179,-0.263,-0.308
-0.745,0.110,-0.389,0.179,-0.263,-0.308
-0.745,0.110,-0.389,0.179,-0.263,-0.308
-0.745,0.110,-0.389,0.179,-0.263,-0.308
-0.745,0.110,-0.389,0.179,-0.263,-0.308
-0.745,0.110,-0.389,0.179,-0.263,-0.308
-0.745,0.110,-0.389,0.179,-0.263,-0.308
-0.745,0.110,-0.389,0.179,-0.263,-0.308
-0.745,0.110,-0.389,0.179,-0.263,-0.308
-0.745,0.110,-0.389,0.179,-0.263,-0.308
-0.745,0.110,-0.389,0.179,-0.263,-0.308
-0.745,0.110,-0.389,0.179,-0.263,-0.308
-0.745,0.110,-0.389,0.179,-0.263,-0.308
-0.745,0.110,-0.389,0.179,-0.263,-0.308
-0.745,0.110,-0.389,0.179,-0.263,-0.308
-0.745,0.110,-0.389,0.179,-0.263,-0.308
-0.745,0.110,-0.389,0.179,-0.263,-0.308
-0.745,0.110,-0.389,0.179,-0.263,-0.308
-0.745,0.110,-0.389,0.179,-0.263,-0.308
-0.745,0.110,-0.389,0.179,-0.263,-0.308
-0.745,0.110,-0.389,0.179,-0.263,-0.308
-0.745,0.110,-0.389,0.179,-0.263,-0.308
-0.745,0.110,-0.389,0.179,-0.263,-0.308
-0.745,0.110,-0.389,0.179,-0.263,-0.308
-0.745,0.110,-0.389,0.179,-0.263,-0.308
-0.745,0.110,-0.389,0.179,-0.263,-0.308
-0.745,0.110,-0.389,0.179,-0.263,-0.308
-0.745,0.110,-0.389,0.179,-0.263,-0.308
-0.745,0.110,-0.389,0.179,-0.263,-0.308
-0.745,0.110,-0.389,0.179,-0.263,-0.308
-0.745,0.110,-0.389,0.179,-0.263,-0.308
-0.745,0.110,-0.389,0.179,-0.263,-0.308
-0.745,0.110,-0.389,0.179,-0.263,-0.308
-0.745,0.110,-0.389,0.179,-0.263,-0.308
-0.745,0.110,-0.389,0.179,-0.263,-0.308
-0.745,0.110,-0.389,0.179,-0.263,-0.308
-0.745,0.110,-0.389,0.179,-0.263,-0.308
-0.745,0.110,-0.389,0.179,-0.263,-0.308
-0.745,0.110,-0.389,0.179,-0.263,-0.308
-0.745,0.110,-0.389,0.179,-0.263,-0.308
-0.745,0.110,-0.389,0.179,-0.263,-0.308
-0.745,0.110,-0.389,0.179,-0.263,-0.308
-0.745,0.110,-0.389,0.179,-0.263,-0.308
-0.745,0.110,-0.389,0.179,-0.263,-0.308
-0.745,0.110,-0.389,0.179,-0.263,-0.308
-0.745,0.110,-0.389,0.179,-0.263,-0.308
-0.745,0.110,-0.389,0.179,-0.263,-0.308
-0.745,0.110,-0.389,0.179,-0.263,-0.308
-0.745,0.110,-0.389,0.179,-0.263,-0.308
-0.745,0.110,-0.389,0.179,-0.263,-0.308
-0.745,0.110,-0.389,0.179,-0.263,-0.308
-0.745,0.110,-0.389,0.179,-0.263,-0.308
-0.745,0.110,-0.389,0.179,-0.263,-0.308
-0.745,0.110,-0.389,0.179,-0.263,-0.308
-0.745,0.110,-0.389,0.179,-0.263,-0.308
-0.745,0.110,-0.389,0.179,-0.263,-0.308
-0.745,0.110,-0.389,0.179,-0.263,-0.308
-0.745,0.110,-0.389,0.179,-0.263,-0.308
-0.745,0.110,-0.389,0.179,-0.263,-0.308
-0.745,0.110,-0.389,0.179,-0.263,-0.308
-0.745,0.110,-0.389,0.179,-0.263,-0.308
-0.745,0.110,-0.389,0.179,-0.263,-0.308
-0.745,0.110,-0.389,0.179,-0.263,-0.308
-0.745,0.110,-0.389,0.179,-0.263,-0.308
-0.745,0.110,-0.389,0.179,-0.263,-0.308
-0.745,0.110,-0.389,0.179,-0.263,-0.308
-0.745,0.110,-0.389,0.179,-0.263,-0.308
-0.745,0.110,-0.389,0.179,-0.263,-0.308
-0.745,0.110,-0.389,0.179,-0.263,-0.308
-0.745,0.110,-0.389,0.179,-0.263,-0.308
-0.745,0.110,-0.389,0.179,-0.263,-0.308
-0.745,0.110,-0.389,0.179,-0.263,-0.308
-0.745,0.110,-0.389,0.179,-0.263,-0.308
-0.745,0.110,-0.389,0.179,-0.263,-0.308
-0.745,0.110,-0.389,0.179,-0.263,-0.308
-0.745,0.110,-0.389,0.179,-0.263,-0.308
-0.745,0.110,-0.389,0.179,-0.263,-0.308
-0.745,0.110,-0.389,0.179,-0.263,-0.308
-0.745,0.110,-0.389,0.179,-0.263,-0.308
-0.745,0.110,-0.389,0.179,-0.263,-0.308
-0.745,0.110,-0.389,0.179,-0.263,-0.308
-0.745,0.110,-0.389,0.179,-0.263,-0.308
-0.745,0.110,-0.389,0.179,-0.263,-0.308
-0.745,0.110,-0.389,0.179,-0.263,-0.308
-0.745,0.110,-0.389,0.179,-0.263,-0.308
-0.745,0.110,-0.389,0.179,-0.263,-0.308
-0.745,0.110,-0.389,0.179,-0.263,-0.308
-0.745,0.110,-0.389,0.179,-0.263,-0.308
-0.745,0.110,-0.389,0.179,-0.263,-0.308
-0.745,0.110,-0.389,0.179,-0.263,-0.308
-0.745,0.110,-0.389,0.179,-0.263,-0.308
-0.745,0.110,-0.389,0.179,-0.263,-0.308
-0.745,0.110,-0.389,0.179,-0.263,-0.308
-0.745,0.110,-0.389,0.179,-0.263,-0.308
-0.745,0.110,-0.389,0.179,-0.263,-0.308
-0.745,0.110,-0.389,0.179,-0.263,-0.308
-0.745,0.110,-0.389,0.179,-0.263,-0.308
-0.745,0.110,-0.389,0.179,-0.263,-0.308
-0.745,0.110,-0.389,0.179,-0.263,-0.308
-0.745,0.110,-0.389,0.179,-0.263,-0.308
-0.745,0.110,-0.389,0.179,-0.263,-0.308
-0.745,0.110,-0.389,0.179,-0.263,-0.308
-0.745,0.110,-0.389,0.179,-0.263,-0.308
-0.745,0.110,-0.389,0.179,-0.263,-0.308
-0.745,0.110,-0.389,0.179,-0.263,-0.308
-0.745,0.110,-0.389,0.179,-0.263,-0.308
-0.745,0.110,-0.389,0.179,-0.263,-0.308
-0.745,0.110,-0.389,0.179,-0.263,-0.308
-0.745,0.110,-0.389,0.179,-0.263,-0.308
-0.745,0.110,-0.389,0.179,-0.263,-0.308
-0.745,0.110,-0.389,0.179,-0.263,-0.308
-0.745,0.110,-0.389,0.179,-0.263,-0.308
-0.745,0.110,-0.389,0.179,-0.263,-0.308
-0.745,0.110,-0.389,0.179,-0.263,-0.308
-0.745,0.110,-0.389,0.179,-0.263,-0.308
-0.745,0.110,-0.389,0.179,-0.263,-0.308
-0.745,0.110,-0.389,0.179,-0.263,-0.308
-0.745,0.110,-0.389,0.179,-0.263,-0.308
-0.745,0.110,-0.389,0.179,-0.263,-0.308
-0.745,0.110,-0.389,0.179,-0.263,-0.308
-0.745,0.110,-0.389,0.179,-0.263,-0.308
-0.745,0.110,-0.389,0.179,-0.263,-0.308
-0.745,0.110,-0.389,0.179,-0.263,-0.308
-0.745,0.110,-0.389,0.179,-0.263,-0.308
-0.745,0.110,-0.389,0.179,-0.263,-0.308
-0.745,0.110,-0.389,0.179,-0.263,-0.308
-0.745,0.110,-0.389,0.179,-0.263,-0.308
-0.745,0.110,-0.389,0.179,-0.263,-0.308
-0.745,0.110,-0.389,0.179,-0.263,-0.308
-0.745,0.110,-0.389,0.179,-0.263,-0.308
-0.745,0.110,-0.389,0.179,-0.263,-0.308
-0.745,0.110,-0.389,0.179,-0.263,-0.308
-0.745,0.110,-0.389,0.179,-0.263,-0.308
-0.745,0.110,-0.389,0.179,-0.263,-0.308
-0.745,0.110,-0.389,0.179,-0.263,-0.308
-0.745,0.110,-0.389,0.179,-0.263,-0.308
-0.745,0.110,-0.389,0.179,-0.263,-0.308
-0.745,0.110,-0.389,0.179,-0.263,-0.308
-0.745,0.110,-0.389,0.179,-0.263,-0.308
-0.745,0.110,-0.389,0.179,-0.263,-0.308
-0.745,0.110,-0.389,0.179,-0.263,-0.308
-0.745,0.110,-0.389,0.179,-0.263,-0.308
-0.745,0.110,-0.389,0.179,-0.263,-0.308
-0.745,0.110,-0.389,0.179,-0.263,-0.308
-0.745,0.110,-0.389,0.179,-0.263,-0.308
-0.745,0.110,-0.389,0.179,-0.263,-0.308
-0.745,0.110,-0.389,0.179,-0.263,-0.308
-0.745,0.110,-0.389,0.179,-0.263,-0.308
-0.745,0.110,-0.389,0.179,-0.263,-0.308
-0.745,0.110,-0.389,0.179,-0.263,-0.308
-0.745,0.110,-0.389,0.179,-0.263,-0.308
-0.745,0.110,-0.389,0.179,-0.263,-0.308
-0.745,0.110,-0.389,0.179,-0.263,-0.308
-0.745,0.110,-0.389,0.179,-0.263,-0.308
-0.745,0.110,-0.389,0.179,-0.263,-0.308
-0.745,0.110,-0.389,0.179,-0.263,-0.308
-0.745,0.110,-0.389,0.179,-0.263,-0.308
-0.745,0.110,-0.389,0.179,-0.263,-0.308
-0.745,0.110,-0.389,0.179,-0.263,-0.308
-0.745,0.110,-0.389,0.179,-0.263,-0.308
-0.745,0.110,-0.389,0.179,-0.263,-0.308
-0.745,0.110,-0.389,0.179,-0.263,-0.308
-0.745,0.110,-0.389,0.179,-0.263,-0.308
-0.745,0.110,-0.389,0.179,-0.263,-0.308
-0.745,0.110,-0.389,0.179,-0.263,-0.308
-0.745,0.110,-0.389,0.179,-0.263,-0.308
-0.745,0.110,-0.389,0.179,-0.263,-0.308
-0.745,0.110,-0.389,0.179,-0.263,-0.308
-0.745,0.110,-0.389,0.179,-0.263,-0.308
-0.745,0.110,-0.389,0.179,-0.263,-0.308
-0.745,0.110,-0.389,0.179,-0.263,-0.308
-0.745,0.110,-0.389,0.179,-0.263,-0.308
-0.745,0.110,-0.389,0.179,-0.263,-0.308
-0.745,0.110,-0.389,0.179,-0.263,-0.308
-0.745,0.110,-0.389,0.179,-0.263,-0.308
-0.745,0.110,-0.389,0.179,-0.263,-0.308
-0.745,0.110,-0.389,0.179,-0.263,-0.308
-0.745,0.110,-0.389,0.179,-0.263,-0.308
-0.745,0.110,-0.389,0.179,-0.263,-0.308
-0.745,0.110,-0.389,0.179,-0.263,-0.308
-0.745,0.110,-0.389,0.179,-0.263,-0.308
-0.745,0.110,-0.389,0.179,-0.263,-0.308
-0.745,0.110,-0.389,0.179,-0.263,-0.308
-0.745,0.110,-0.389,0.179,-0.263,-0.308
-0.745,0.110,-0.389,0.179,-0.263,-0.308
-0.745,0.110,-0.389,0.179,-0.263,-0.308
-0.745,0.110,-0.389,0.179,-0.263,-0.308
-0.745,0.110,-0.389,0.179,-0.263,-0.308
-0.745,0.110,-0.389,0.179,-0.263,-0.308
-0.745,0.110,-0.389,0.179,-0.263,-0.308
-0.745,0.110,-0.389,0.179,-0.263,-0.308
-0.745,0.110,-0.389,0.179,-0.263,-0.308
-0.745,0.110,-0.389,0.179,-0.263,-0.308
-0.745,0.110,-0.389,0.179,-0.263,-0.308
-0.745,0.110,-0.389,0.179,-0.263,-0.308
-0.745,0.110,-0.389,0.179,-0.263,-0.308
-0.745,0.110,-0.389,0.179,-0.263,-0.308
-0.745,0.110,-0.389,0.179,-0.263,-0.308
-0.745,0.110,-0.389,0.179,-0.263,-0.308
-0.745,0.110,-0.389,0.179,-0.263,-0.308
-0.745,0.110,-0.389,0.179,-0.263,-0.308
-0.745,0.110,-0.389,0.179,-0.263,-0.308
-0.745,0.110,-0.389,0.179,-0.263,-0.308
-0.745,0.110,-0.389,0.179,-0.263,-0.308
-0.745,0.110,-0.389,0.179,-0.263,-0.308
-0.745,0.110,-0.389,0.179,-0.263,-0.308
-0.745,0.110,-0.389,0.179,-0.263,-0.308
-0.745,0.110,-0.389,0.179,-0.263,-0.308
-0.745,0.110,-0.389,0.179,-0.263,-0.308
-0.745,0.110,-0.389,0.179,-0.263,-0.308
-0.745,0.110,-0.389,0.179,-0.263,-0.308
-0.745,0.110,-0.389,0.179,-0.263,-0.308
-0.745,0.110,-0.389,0.179,-0.263,-0.308
-0.745,0.110,-0.389,0.179,-0.263,-0.308
-0.745,0.110,-0.389,0.179,-0.263,-0.308
-0.745,0.110,-0.389,0.179,-0.263,-0.308
-0.745,0.110,-0.389,0.179,-0.263,-0.308
-0.745,0.110,-0.389,0.179,-0.263,-0.308
-0.745,0.110,-0.389,0.179,-0.263,-0.308
-0.745,0.110,-0.389,0.179,-0.263,-0.308
-0.745,0.110,-0.389,0.179,-0.263,-0.308
-0.745,0.110,-0.389,0.179,-0.263,-0.308
-0.745,0.110,-0.389,0.179,-0.263,-0.308
-0.745,0.110,-0.389,0.179,-0.263,-0.308
-0.745,0.110,-0.389,0.179,-0.263,-0.308
-0.745,0.110,-0.389,0.179,-0.263,-0.308
-0.745,0.110,-0.389,0.179,-0.263,-0.308
-0.745,0.110,-0.389,0.179,-0.263,-0.308
-0.745,0.110,-0.389,0.179,-0.263,-0.308
-0.745,0.110,-0.389,0.179,-0.263,-0.308
-0.745,0.110,-0.389,0.179,-0.263,-0.308
-0.745,0.110,-0.389,0.179,-0.263,-0.308
-0.745,0.110,-0.389,0.179,-0.263,-0.308
-0.745,0.110,-0.389,0.179,-0.263,-0.308
-0.745,0.110,-0.389,0.179,-0.263,-0.308
-0.745,0.110,-0.389,0.179,-0.263,-0.308
-0.745,0.110,-0.389,0.179,-0.263,-0.308
-0.745,0.110,-0.389,0.179,-0.263,-0.308
-0.745,0.110,-0.389,0.179,-0.263,-0.308
-0.745,0.110,-0.389,0.179,-0.263,-0.308
-0.745,0.110,-0.389,0.179,-0.263,-0.308
-0.745,0.110,-0.389,0.179,-0.263,-0.308
-0.745,0.110,-0.389,0.179,-0.263,-0.308
-0.745,0.110,-0.389,0.179,-0.263,-0.308
-0.745,0.110,-0.389,0.179,-0.263,-0.308
-0.745,0.110,-0.389,0.179,-0.263,-0.308
-0.745,0.110,-0.389,0.179,-0.263,-0.308
-0.745,0.110,-0.389,0.179,-0.263,-0.308
-0.745,0.110,-0.389,0.179,-0.263,-0.308
-0.745,0.110,-0.389,0.179,-0.263,-0.308
-0.745,0.110,-0.389,0.179,-0.263,-0.308
-0.745,0.110,-0.389,0.179,-0.263,-0.308
-0.745,0.110,-0.389,0.179,-0.263,-0.308
-0.745,0.110,-0.389,0.179,-0.263,-0.308
-0.745,0.110,-0.389,0.179,-0.263,-0.308
-0.745,0.110,-0.389,0.179,-0.263,-0.308
-0.745,0.110,-0.389,0.179,-0.263,-0.308
-0.745,0.110,-0.389,0.179,-0.263,-0.308
-0.745,0.110,-0.389,0.179,-0.263,-0.308
-0.745,0.110,-0.389,0.179,-0.263,-0.308
-0.745,0.110,-0.389,0.179,-0.263,-0.308
-0.745,0.110,-0.389,0.179,-0.263,-0.308
-0.745,0.110,-0.389,0.179,-0.263,-0.308
-0.745,0.110,-0.389,0.179,-0.263,-0.308
-0.745,0.110,-0.389,0.179,-0.263,-0.308
-0.745,0.110,-0.389,0.179,-0.263,-0.308
-0.745,0.110,-0.389,0.179,-0.263,-0.308
-0.745,0.110,-0.389,0.179,-0.263,-0.308
-0.745,0.110,-0.389,0.179,-0.263,-0.308
-0.745,0.110,-0.389,0.179,-0.263,-0.308
-0.745,0.110,-0.389,0.179,-0.263,-0.308
-0.745,0.110,-0.389,0.179,-0.263,-0.308
-0.745,0.110,-0.389,0.179,-0.263,-0.308
-0.745,0.110,-0.389,0.179,-0.263,-0.308
-0.745,0.110,-0.389,0.179,-0.263,-0.308
-0.745,0.110,-0.389,0.179,-0.263,-0.308
-0.745,0.110,-0.389,0.179,-0.263,-0.308
-0.745,0.110,-0.389,0.179,-0.263,-0.308
-0.745,0.110,-0.389,0.179,-0.263,-0.308
-0.745,0.110,-0.389,0.179,-0.263,-0.308
-0.745,0.110,-0.389,0.179,-0.263,-0.308
-0.745,0.110,-0.389,0.179,-0.263,-0.308
-0.745,0.110,-0.389,0.179,-0.263,-0.308
-0.745,0.110,-0.389,0.179,-0.263,-0.308
-0.745,0.110,-0.389,0.179,-0.263,-0.308
-0.745,0.110,-0.389,0.179,-0.263,-0.308
-0.745,0.110,-0.389,0.179,-0.263,-0.308
-0.745,0.110,-0.389,0.179,-0.263,-0.308
-0.745,0.110,-0.389,0.179,-0.263,-0.308
-0.745,0.110,-0.389,0.179,-0.263,-0.308
-0.745,0.110,-0.389,0.179,-0.263,-0.308
-0.745,0.110,-0.389,0.179,-0.263,-0.308
-0.745,0.110,-0.389,0.179,-0.263,-0.308
-0.745,0.110,-0.389,0.179,-0.263,-0.308
-0.745,0.110,-0.389,0.179,-0.263,-0.308
-0.745,0.110,-0.389,0.179,-0.263,-0.308
-0.745,0.110,-0.389,0.179,-0.263,-0.308
-0.745,0.110,-0.389,0.179,-0.263,-0.308
-0.745,0.110,-0.389,0.179,-0.263,-0.308
-0.745,0.110,-0.389,0.179,-0.263,-0.308
-0.745,0.110,-0.389,0.179,-0.263,-0.308
-0.745,0.110,-0.389,0.179,-0.263,-0.308
-0.745,0.110,-0.389,0.179,-0.263,-0.308
-0.745,0.110,-0.389,0.179,-0.263,-0.308
-0.745,0.110,-0.389,0.179,-0.263,-0.308
-0.745,0.110,-0.389,0.179,-0.263,-0.308
-0.745,0.110,-0.389,0.179,-0.263,-0.308
-0.745,0.110,-0.389,0.179,-0.263,-0.308
-0.745,0.110,-0.389,0.179,-0.263,-0.308
-0.745,0.110,-0.389,0.179,-0.263,-0.308
-0.745,0.110,-0.389,0.179,-0.263,-0.308
-0.745,0.110,-0.389,0.179,-0.263,-0.308
-0.745,0.110,-0.389,0.179,-0.263,-0.308
-0.745,0.110,-0.389,0.179,-0.263,-0.308
-0.745,0.110,-0.389,0.179,-0.263,-0.308
-0.745,0.110,-0.389,0.179,-0.263,-0.308
-0.745,0.110,-0.389,0.179,-0.263,-0.308
-0.745,0.110,-0.389,0.179,-0.263,-0.308
-0.745,0.110,-0.389,0.179,-0.263,-0.308
-0.745,0.110,-0.389,0.179,-0.263,-0.308
-0.745,0.110,-0.389,0.179,-0.263,-0.308
-0.745,0.110,-0.389,0.179,-0.263,-0.308
-0.745,0.110,-0.389,0.179,-0.263,-0.308
-0.745,0.110,-0.389,0.179,-0.263,-0.308
-0.745,0.110,-0.389,0.179,-0.263,-0.308
-0.745,0.110,-0.389,0.179,-0.263,-0.308
-0.745,0.110,-0.389,0.179,-0.263,-0.308
-0.745,0.110,-0.389,0.179,-0.263,-0.308
-0.745,0.110,-0.389,0.179,-0.263,-0.308
-0.745,0.110,-0.389,0.179,-0.263,-0.308
-0.745,0.110,-0.389,0.179,-0.263,-0.308
-0.745,0.110,-0.389,0.179,-0.263,-0.308
-0.745,0.110,-0.389,0.179,-0.263,-0.308
-0.745,0.110,-0.389,0.179,-0.263,-0.308
-0.745,0.110,-0.389,0.179,-0.263,-0.308
-0.745,0.110,-0.389,0.179,-0.263,-0.308
-0.745,0.110,-0.389,0.179,-0.263,-0.308
-0.745,0.110,-0.389,0.179,-0.263,-0.308
-0.745,0.110,-0.389,0.179,-0.263,-0.308
-0.745,0.110,-0.389,0.179,-0.263,-0.308
-0.745,0.110,-0.389,0.179,-0.263,-0.308
-0.745,0.110,-0.389,0.179,-0.263,-0.308
-0.745,0.110,-0.389,0.179,-0.263,-0.308
-0.745,0.110,-0.389,0.179,-0.263,-0.308
-0.745,0.110,-0.389,0.179,-0.263,-0.308
-0.745,0.110,-0.389,0.179,-0.263,-0.308
-0.745,0.110,-0.389,0.179,-0.263,-0.308
-0.745,0.110,-0.389,0.179,-0.263,-0.308
-0.745,0.110,-0.389,0.179,-0.263,-0.308
-0.745,0.110,-0.389,0.179,-0.263,-0.308
-0.745,0.110,-0.389,0.179,-0.263,-0.308
-0.745,0.110,-0.389,0.179,-0.263,-0.308
-0.745,0.110,-0.389,0.179,-0.263,-0.308
-0.745,0.110,-0.389,0.179,-0.263,-0.308
-0.745,0.110,-0.389,0.179,-0.263,-0.308
-0.745,0.110,-0.389,0.179,-0.263,-0.308
-0.745,0.110,-0.389,0.179,-0.263,-0.308
-0.745,0.110,-0.389,0.179,-0.263,-0.308
-0.745,0.110,-0.389,0.179,-0.263,-0.308
-0.745,0.110,-0.389,0.179,-0.263,-0.308
-0.745,0.110,-0.389,0.179,-0.263,-0.308
-0.745,0.110,-0.389,0.179,-0.263,-0.308
-0.745,0.110,-0.389,0.179,-0.263,-0.308
-0.745,0.110,-0.389,0.179,-0.263,-0.308
-0.745,0.110,-0.389,0.179,-0.263,-0.308
-0.745,0.110,-0.389,0.179,-0.263,-0.308
-0.745,0.110,-0.389,0.179,-0.263,-0.308
-0.745,0.110,-0.389,0.179,-0.263,-0.308
-0.745,0.110,-0.389,0.179,-0.263,-0.308
-0.745,0.110,-0.389,0.179,-0.263,-0.308
-0.745,0.110,-0.389,0.179,-0.263,-0.308
-0.745,0.110,-0.389,0.179,-0.263,-0.308
-0.745,0.110,-0.389,0.179,-0.263,-0.308
-0.745,0.110,-0.389,0.179,-0.263,-0.308
-0.745,0.110,-0.389,0.179,-0.263,-0.308
-0.745,0.110,-0.389,0.179,-0.263,-0.308
-0.745,0.110,-0.389,0.179,-0.263,-0.308
-0.745,0.110,-0.389,0.179,-0.263,-0.308
-0.745,0.110,-0.389,0.179,-0.263,-0.308
-0.745,0.110,-0.389,0.179,-0.263,-0.308
-0.745,0.110,-0.389,0.179,-0.263,-0.308
-0.745,0.110,-0.389,0.179,-0.263,-0.308
-0.745,0.110,-0.389,0.179,-0.263,-0.308
-0.745,0.110,-0.389,0.179,-0.263,-0.308
-0.745,0.110,-0.389,0.179,-0.263,-0.308
-0.745,0.110,-0.389,0.179,-0.263,-0.308
-0.745,0.110,-0.389,0.179,-0.263,-0.308
-0.745,0.110,-0.389,0.179,-0.263,-0.308
-0.745,0.110,-0.389,0.179,-0.263,-0.308
-0.745,0.110,-0.389,0.179,-0.263,-0.308
-0.745,0.110,-0.389,0.179,-0.263,-0.308
-0.745,0.110,-0.389,0.179,-0.263,-0.308
-0.745,0.110,-0.389,0.179,-0.263,-0.308
-0.745,0.110,-0.389,0.179,-0.263,-0.308
-0.745,0.110,-0.389,0.179,-0.263,-0.308
-0.745,0.110,-0.389,0.179,-0.263,-0.308
-0.745,0.110,-0.389,0.179,-0.263,-0.308
-0.745,0.110,-0.389,0.179,-0.263,-0.308
-0.745,0.110,-0.389,0.179,-0.263,-0.308
-0.745,0.110,-0.389,0.179,-0.263,-0.308
-0.745,0.110,-0.389,0.179,-0.263,-0.308
-0.745,0.110,-0.389,0.179,-0.263,-0.308
-0.745,0.110,-0.389,0.179,-0.263,-0.308
-0.745,0.110,-0.389,0.179,-0.263,-0.308
-0.745,0.110,-0.389,0.179,-0.263,-0.308
-0.745,0.110,-0.389,0.179,-0.263,-0.308
-0.745,0.110,-0.389,0.179,-0.263,-0.308
-0.745,0.110,-0.389,0.179,-0.263,-0.308
-0.745,0.110,-0.389,0.179,-0.263,-0.308
-0.745,0.110,-0.389,0.179,-0.263,-0.308
-0.745,0.110,-0.389,0.179,-0.263,-0.308
-0.745,0.110,-0.389,0.179,-0.263,-0.308
-0.745,0.110,-0.389,0.179,-0.263,-0.308
-0.745,0.110,-0.389,0.179,-0.263,-0.308
-0.745,0.110,-0.389,0.179,-0.263,-0.308
-0.745,0.110,-0.389,0.179,-0.263,-0.308
-0.745,0.110,-0.389,0.179,-0.263,-0.308
-0.745,0.110,-0.389,0.179,-0.263,-0.308
-0.745,0.110,-0.389,0.179,-0.263,-0.308
-0.745,0.110,-0.389,0.179,-0.263,-0.308
-0.745,0.110,-0.389,0.179,-0.263,-0.308
-0.745,0.110,-0.389,0.179,-0.263,-0.308
-0.745,0.110,-0.389,0.179,-0.263,-0.308
-0.745,0.110,-0.389,0.179,-0.263,-0.308
-0.745,0.110,-0.389,0.179,-0.263,-0.308
-0.745,0.110,-0.389,0.179,-0.263,-0.308
-0.745,0.110,-0.389,0.179,-0.263,-0.308
-0.745,0.110,-0.389,0.179,-0.263,-0.308
-0.745,0.110,-0.389,0.179,-0.263,-0.308
-0.745,0.110,-0.389,0.179,-0.263,-0.308
-0.745,0.110,-0.389,0.179,-0.263,-0.308
-0.745,0.110,-0.389,0.179,-0.263,-0.308
-0.745,0.110,-0.389,0.179,-0.263,-0.308
-0.745,0.110,-0.389,0.179,-0.263,-0.308
-0.745,0.110,-0.389,0.179,-0.263,-0.308
-0.745,0.110,-0.389,0.179,-0.263,-0.308
-0.745,0.110,-0.389,0.179,-0.263,-0.308
-0.745,0.110,-0.389,0.179,-0.263,-0.308
-0.745,0.110,-0.389,0.179,-0.263,-0.308
-0.745,0.110,-0.389,0.179,-0.263,-0.308
-0.745,0.110,-0.389,0.179,-0.263,-0.308
-0.745,0.110,-0.389,0.179,-0.263,-0.308
-0.745,0.110,-0.389,0.179,-0.263,-0.308
-0.745,0.110,-0.389,0.179,-0.263,-0.308
-0.745,0.110,-0.389,0.179,-0.263,-0.308
-0.745,0.110,-0.389,0.179,-0.263,-0.308
-0.745,0.110,-0.389,0.179,-0.263,-0.308
-0.745,0.110,-0.389,0.179,-0.263,-0.308
-0.745,0.110,-0.389,0.179,-0.263,-0.308
-0.745,0.110,-0.389,0.179,-0.263,-0.308
-0.745,0.110,-0.389,0.179,-0.263,-0.308
-0.745,0.110,-0.389,0.179,-0.263,-0.308
-0.745,0.110,-0.389,0.179,-0.263,-0.308
-0.745,0.110,-0.389,0.179,-0.263,-0.308
-0.745,0.110,-0.389,0.179,-0.263,-0.308
-0.745,0.110,-0.389,0.179,-0.263,-0.308
-0.745,0.110,-0.389,0.179,-0.263,-0.308
-0.745,0.110,-0.389,0.179,-0.263,-0.308
-0.745,0.110,-0.389,0.179,-0.263,-0.308
-0.745,0.110,-0.389,0.179,-0.263,-0.308
-0.745,0.110,-0.389,0.179,-0.263,-0.308
-0.745,0.110,-0.389,0.179,-0.263,-0.308
-0.745,0.110,-0.389,0.179,-0.263,-0.308
-0.745,0.110,-0.389,0.179,-0.263,-0.308
-0.745,0.110,-0.389,0.179,-0.263,-0.308
-0.745,0.110,-0.389,0.179,-0.263,-0.308
-0.745,0.110,-0.389,0.179,-0.263,-0.308
-0.745,0.110,-0.389,0.179,-0.263,-0.308
-0.745,0.110,-0.389,0.179,-0.263,-0.308
-0.745,0.110,-0.389,0.179,-0.263,-0.308
-0.745,0.110,-0.389,0.179,-0.263,-0.308
-0.745,0.110,-0.389,0.179,-0.263,-0.308
-0.745,0.110,-0.389,0.179,-0.263,-0.308
-0.745,0.110,-0.389,0.179,-0.263,-0.308
-0.745,0.110,-0.389,0.179,-0.263,-0.308
-0.745,0.110,-0.389,0.179,-0.263,-0.308
-0.745,0.110,-0.389,0.179,-0.263,-0.308
-0.745,0.110,-0.389,0.179,-0.263,-0.308
-0.745,0.110,-0.389,0.179,-0.263,-0.308
-0.745,0.110,-0.389,0.179,-0.263,-0.308
-0.745,0.110,-0.389,0.179,-0.263,-0.308
-0.745,0.110,-0.389,0.179,-0.263,-0.308
-0.745,0.110,-0.389,0.179,-0.263,-0.308
-0.745,0.110,-0.389,0.179,-0.263,-0.308
-0.745,0.110,-0.389,0.179,-0.263,-0.308
-0.745,0.110,-0.389,0.179,-0.263,-0.308
-0.745,0.110,-0.389,0.179,-0.263,-0.308
-0.745,0.110,-0.389,0.179,-0.263,-0.308
-0.745,0.110,-0.389,0.179,-0.263,-0.308
-0.745,0.110,-0.389,0.179,-0.263,-0.308
-0.745,0.110,-0.389,0.179,-0.263,-0.308
-0.745,0.110,-0.389,0.179,-0.263,-0.308
-0.745,0.110,-0.389,0.179,-0.263,-0.308
-0.745,0.110,-0.389,0.179,-0.263,-0.308
-0.745,0.110,-0.389,0.179,-0.263,-0.308
-0.745,0.110,-0.389,0.179,-0.263,-0.308
-0.745,0.110,-0.389,0.179,-0.263,-0.308
-0.745,0.110,-0.389,0.179,-0.263,-0.308
-0.745,0.110,-0.389,0.179,-0.263,-0.308
-0.745,0.110,-0.389,0.179,-0.263,-0.308
-0.745,0.110,-0.389,0.179,-0.263,-0.308
-0.745,0.110,-0.389,0.179,-0.263,-0.308
-0.745,0.110,-0.389,0.179,-0.263,-0.308
-0.745,0.110,-0.389,0.179,-0.263,-0.308
-0.745,0.110,-0.389,0.179,-0.263,-0.308
-0.745,0.110,-0.389,0.179,-0.263,-0.308
-0.745,0.110,-0.389,0.179,-0.263,-0.308
-0.745,0.110,-0.389,0.179,-0.263,-0.308
-0.745,0.110,-0.389,0.179,-0.263,-0.308
-0.745,0.110,-0.389,0.179,-0.263,-0.308
-0.745,0.110,-0.389,0.179,-0.263,-0.308
-0.745,0.110,-0.389,0.179,-0.263,-0.308
-0.745,0.110,-0.389,0.179,-0.263,-0.308
-0.745,0.110,-0.389,0.179,-0.263,-0.308
-0.745,0.110,-0.389,0.179,-0.263,-0.308
-0.745,0.110,-0.389,0.179,-0.263,-0.308
-0.745,0.110,-0.389,0.179,-0.263,-0.308
-0.745,0.110,-0.389,0.179,-0.263,-0.308
-0.745,0.110,-0.389,0.179,-0.263,-0.308
-0.745,0.110,-0.389,0.179,-0.263,-0.308
-0.745,0.110,-0.389,0.179,-0.263,-0.308
-0.745,0.110,-0.389,0.179,-0.263,-0.308
-0.745,0.110,-0.389,0.179,-0.263,-0.308
-0.745,0.110,-0.389,0.179,-0.263,-0.308
-0.745,0.110,-0.389,0.179,-0.263,-0.308
-0.745,0.110,-0.389,0.179,-0.263,-0.308
-0.745,0.110,-0.389,0.179,-0.263,-0.308
-0.745,0.110,-0.389,0.179,-0.263,-0.308
-0.745,0.110,-0.389,0.179,-0.263,-0.308
-0.745,0.110,-0.389,0.179,-0.263,-0.308
-0.745,0.110,-0.389,0.179,-0.263,-0.308
-0.745,0.110,-0.389,0.179,-0.263,-0.308
-0.745,0.110,-0.389,0.179,-0.263,-0.308
-0.745,0.110,-0.389,0.179,-0.263,-0.308
-0.745,0.110,-0.389,0.179,-0.263,-0.308
-0.745,0.110,-0.389,0.179,-0.263,-0.308
-0.745,0.110,-0.389,0.179,-0.263,-0.308
-0.745,0.110,-0.389,0.179,-0.263,-0.308
-0.745,0.110,-0.389,0.179,-0.263,-0.308
-0.745,0.110,-0.389,0.179,-0.263,-0.308
-0.745,0.110,-0.389,0.179,-0.263,-0.308
-0.745,0.110,-0.389,0.179,-0.263,-0.308
-0.745,0.110,-0.389,0.179,-0.263,-0.308
-0.745,0.110,-0.389,0.179,-0.263,-0.308
-0.745,0.110,-0.389,0.179,-0.263,-0.308
-0.745,0.110,-0.389,0.179,-0.263,-0.308
-0.745,0.110,-0.389,0.179,-0.263,-0.308
-0.745,0.110,-0.389,0.179,-0.263,-0.308
-0.745,0.110,-0.389,0.179,-0.263,-0.308
-0.745,0.110,-0.389,0.179,-0.263,-0.308
-0.745,0.110,-0.389,0.179,-0.263,-0.308
-0.745,0.110,-0.389,0.179,-0.263,-0.308
-0.745,0.110,-0.389,0.179,-0.263,-0.308
-0.745,0.110,-0.389,0.179,-0.263,-0.308
-0.745,0.110,-0.389,0.179,-0.263,-0.308
-0.745,0.110,-0.389,0.179,-0.263,-0.308
-0.745,0.110,-0.389,0.179,-0.263,-0.308
-0.745,0.110,-0.389,0.179,-0.263,-0.308
-0.745,0.110,-0.389,0.179,-0.263,-0.308
-0.745,0.110,-0.389,0.179,-0.263,-0.308
-0.745,0.110,-0.389,0.179,-0.263,-0.308
-0.745,0.110,-0.389,0.179,-0.263,-0.308
-0.745,0.110,-0.389,0.179,-0.263,-0.308
-0.745,0.110,-0.389,0.179,-0.263,-0.308
-0.745,0.110,-0.389,0.179,-0.263,-0.308
-0.745,0.110,-0.389,0.179,-0.263,-0.308
-0.745,0.110,-0.389,0.179,-0.263,-0.308
-0.745,0.110,-0.389,0.179,-0.263,-0.308
-0.745,0.110,-0.389,0.179,-0.263,-0.308
-0.745,0.110,-0.389,0.179,-0.263,-0.308
-0.745,0.110,-0.389,0.179,-0.263,-0.308
-0.745,0.110,-0.389,0.179,-0.263,-0.308
-0.745,0.110,-0.389,0.179,-0.263,-0.308
-0.745,0.110,-0.389,0.179,-0.263,-0.308
-0.745,0.110,-0.389,0.179,-0.263,-0.308
-0.745,0.110,-0.389,0.179,-0.263,-0.308
-0.745,0.110,-0.389,0.179,-0.263,-0.308
-0.745,0.110,-0.389,0.179,-0.263,-0.308
-0.745,0.110,-0.389,0.179,-0.263,-0.308
-0.745,0.110,-0.389,0.179,-0.263,-0.308
-0.745,0.110,-0.389,0.179,-0.263,-0.308
-0.745,0.110,-0.389,0.179,-0.263,-0.308
-0.745,0.110,-0.389,0.179,-0.263,-0.308
-0.745,0.110,-0.389,0.179,-0.263,-0.308
-0.745,0.110,-0.389,0.179,-0.263,-0.308
-0.745,0.110,-0.389,0.179,-0.263,-0.308
-0.745,0.110,-0.389,0.179,-0.263,-0.308
-0.745,0.110,-0.389,0.179,-0.263,-0.308
-0.745,0.110,-0.389,0.179,-0.263,-0.308
-0.745,0.110,-0.389,0.179,-0.263,-0.308
-0.745,0.110,-0.389,0.179,-0.263,-0.308
-0.745,0.110,-0.389,0.179,-0.263,-0.308